Lap,Time,Distance,Heart Rate,Longitude,Latitude,Altitude,Local,images
1,18:41:00,66.85,108,136.9878663,35.1591508,98.5,9:41:00,0001.jpg
1,18:41:01,66.85,108,136.9878665,35.1591496,98.5,9:41:01,0002.jpg
1,18:41:02,66.85,109,136.9878669,35.1591483,98.1,9:41:02,0003.jpg
1,18:41:03,66.85,109,136.9878672,35.1591465,97.8,9:41:03,0004.jpg
1,18:41:04,66.85,109,136.9878677,35.159144,97.5,9:41:04,0005.jpg
1,18:41:05,66.85,109,136.9878684,35.1591401,97,9:41:05,0006.jpg
1,18:41:06,66.85,109,136.9878697,35.1591338,96.8,9:41:06,0007.jpg
1,18:41:07,66.85,110,136.9878705,35.15913,96.5,9:41:07,0008.jpg
1,18:41:08,67.12,110,136.9878711,35.159128,96.4,9:41:08,0009.jpg
1,18:41:09,67.67,110,136.9878714,35.1591271,95.5,9:41:09,0010.jpg
1,18:41:10,68.42,110,136.9878718,35.1591269,94.5,9:41:10,0011.jpg
1,18:41:11,69.26,110,136.9878721,35.159127,93.8,9:41:11,0012.jpg
1,18:41:12,70.35,105,136.9878726,35.1591277,93.3,9:41:12,0013.jpg
1,18:41:13,71.29,105,136.9878734,35.1591291,93,9:41:13,0014.jpg
1,18:41:14,72.03,105,136.9878746,35.1591316,93,9:41:14,0015.jpg
1,18:41:15,72.6,105,136.9878767,35.1591358,93.1,9:41:15,0016.jpg
1,18:41:16,72.6,105,136.9878794,35.1591419,93.19,9:41:16,0017.jpg
1,18:41:17,72.6,111,136.987883,35.1591496,93.6,9:41:17,0018.jpg
1,18:41:18,73.35,111,136.9878869,35.1591586,94,9:41:18,0019.jpg
1,18:41:19,73.88,111,136.9878913,35.1591685,94.3,9:41:19,0020.jpg
1,18:41:20,74.67,111,136.9878961,35.1591793,94.8,9:41:20,0021.jpg
1,18:41:21,75.71,111,136.9879011,35.1591913,95.3,9:41:21,0022.jpg
1,18:41:22,77,111,136.9879065,35.1592039,95.2,9:41:22,0023.jpg
1,18:41:23,78.29,111,136.9879122,35.1592171,95.5,9:41:23,0024.jpg
1,18:41:24,79.53,111,136.9879181,35.1592305,95.3,9:41:24,0025.jpg
1,18:41:25,80.69,111,136.987924,35.1592439,94.9,9:41:25,0026.jpg
1,18:41:26,81.88,111,136.9879297,35.1592572,94.99,9:41:26,0027.jpg
1,18:41:27,83.02,117,136.9879354,35.1592703,95,9:41:27,0028.jpg
1,18:41:28,84.16,117,136.9879411,35.1592834,94.8,9:41:28,0029.jpg
1,18:41:29,85.31,117,136.9879473,35.1592966,94.5,9:41:29,0030.jpg
1,18:41:30,86.45,117,136.9879532,35.1593097,94.3,9:41:30,0031.jpg
1,18:41:31,87.54,117,136.987959,35.1593229,93.8,9:41:31,0032.jpg
1,18:41:32,88.67,118,136.9879651,35.1593363,93.5,9:41:32,0033.jpg
1,18:41:33,89.85,118,136.9879717,35.1593503,93.3,9:41:33,0034.jpg
1,18:41:34,91.06,118,136.9879782,35.1593642,93.3,9:41:34,0035.jpg
1,18:41:35,92.28,118,136.9879848,35.1593784,92.8,9:41:35,0036.jpg
1,18:41:36,93.52,118,136.9879913,35.1593922,92.8,9:41:36,0037.jpg
1,18:41:37,94.76,117,136.9879973,35.1594058,92.5,9:41:37,0038.jpg
1,18:41:38,96.03,117,136.9880033,35.1594187,92.3,9:41:38,0039.jpg
1,18:41:39,97.24,117,136.9880091,35.1594313,92.1,9:41:39,0040.jpg
1,18:41:40,98.49,117,136.9880151,35.159444,92,9:41:40,0041.jpg
1,18:41:41,99.77,117,136.9880216,35.1594564,91.7,9:41:41,0042.jpg
1,18:41:42,101.05,117,136.9880282,35.1594683,91.6,9:41:42,0043.jpg
1,18:41:43,102.35,117,136.9880348,35.1594799,91.5,9:41:43,0044.jpg
1,18:41:44,103.65,117,136.9880413,35.1594909,91.3,9:41:44,0045.jpg
1,18:41:45,104.97,117,136.9880478,35.1595018,91.1,9:41:45,0046.jpg
1,18:41:46,106.29,117,136.9880542,35.1595129,91,9:41:46,0047.jpg
1,18:41:47,107.62,121,136.9880604,35.1595237,90.9,9:41:47,0048.jpg
1,18:41:48,108.97,121,136.9880661,35.1595348,90.7,9:41:48,0049.jpg
1,18:41:49,110.33,121,136.9880719,35.1595459,90.4,9:41:49,0050.jpg
1,18:41:50,111.67,121,136.9880776,35.1595572,90.2,9:41:50,0051.jpg
1,18:41:51,113.03,121,136.9880834,35.1595687,90,9:41:51,0052.jpg
1,18:41:52,114.39,119,136.9880892,35.1595801,89.7,9:41:52,0053.jpg
1,18:41:53,115.75,119,136.9880947,35.1595918,89.5,9:41:53,0054.jpg
1,18:41:54,117.13,119,136.9881003,35.1596035,89.4,9:41:54,0055.jpg
1,18:41:55,118.5,119,136.9881059,35.1596152,89.1,9:41:55,0056.jpg
1,18:41:56,119.86,119,136.9881119,35.159627,89.1,9:41:56,0057.jpg
1,18:41:57,121.24,118,136.9881175,35.1596389,89,9:41:57,0058.jpg
1,18:41:58,122.61,118,136.9881228,35.1596506,89,9:41:58,0059.jpg
1,18:41:59,123.99,118,136.9881277,35.159662,88.9,9:41:59,0060.jpg
1,18:42:00,125.35,118,136.9881316,35.1596731,88.8,9:42:00,0061.jpg
1,18:42:01,126.71,118,136.9881343,35.1596842,88.6,9:42:01,0062.jpg
1,18:42:02,128.03,118,136.9881351,35.159695,88.5,9:42:02,0063.jpg
1,18:42:03,129.34,118,136.9881339,35.1597055,88.3,9:42:03,0064.jpg
1,18:42:04,130.66,118,136.9881303,35.1597153,88.1,9:42:04,0065.jpg
1,18:42:05,131.99,118,136.988124,35.1597245,88.19,9:42:05,0066.jpg
1,18:42:06,133.32,118,136.9881154,35.1597326,88.19,9:42:06,0067.jpg
1,18:42:07,134.67,118,136.9881048,35.1597397,88.29,9:42:07,0068.jpg
1,18:42:08,136,118,136.9880929,35.1597461,88.29,9:42:08,0069.jpg
1,18:42:09,137.34,118,136.9880801,35.1597518,88.29,9:42:09,0070.jpg
1,18:42:10,138.66,118,136.9880667,35.1597571,88.49,9:42:10,0071.jpg
1,18:42:11,139.98,118,136.9880527,35.1597625,88.29,9:42:11,0072.jpg
1,18:42:12,141.3,120,136.9880387,35.1597682,88.3,9:42:12,0073.jpg
1,18:42:13,142.64,120,136.9880252,35.1597741,88.1,9:42:13,0074.jpg
1,18:42:14,143.98,120,136.9880122,35.15978,88.1,9:42:14,0075.jpg
1,18:42:15,145.33,120,136.9879993,35.159786,88,9:42:15,0076.jpg
1,18:42:16,146.69,119,136.9879863,35.1597919,87.9,9:42:16,0077.jpg
1,18:42:17,148.05,121,136.9879733,35.1597979,88,9:42:17,0078.jpg
1,18:42:18,149.4,121,136.9879603,35.1598037,88,9:42:18,0079.jpg
1,18:42:19,150.74,121,136.9879471,35.1598094,88,9:42:19,0080.jpg
1,18:42:20,152.08,121,136.9879335,35.1598148,88.1,9:42:20,0081.jpg
1,18:42:21,153.42,121,136.9879196,35.1598202,87.9,9:42:21,0082.jpg
1,18:42:22,154.75,123,136.9879056,35.1598258,88,9:42:22,0083.jpg
1,18:42:23,156.1,123,136.9878919,35.1598315,88,9:42:23,0084.jpg
1,18:42:24,157.46,123,136.9878782,35.1598372,88.1,9:42:24,0085.jpg
1,18:42:25,158.83,123,136.9878645,35.1598431,88,9:42:25,0086.jpg
1,18:42:26,160.21,123,136.9878508,35.159849,87.8,9:42:26,0087.jpg
1,18:42:27,161.59,122,136.9878372,35.1598547,87.7,9:42:27,0088.jpg
1,18:42:28,162.97,122,136.9878238,35.1598603,87.7,9:42:28,0089.jpg
1,18:42:29,164.35,122,136.9878101,35.159866,87.5,9:42:29,0090.jpg
1,18:42:30,165.74,122,136.9877965,35.1598719,87.3,9:42:30,0091.jpg
1,18:42:31,167.12,122,136.9877831,35.1598777,87.2,9:42:31,0092.jpg
1,18:42:32,168.49,121,136.9877694,35.1598828,87.3,9:42:32,0093.jpg
1,18:42:33,169.87,121,136.9877553,35.1598878,87.2,9:42:33,0094.jpg
1,18:42:34,171.24,121,136.9877404,35.1598927,87,9:42:34,0095.jpg
1,18:42:35,172.64,121,136.9877251,35.1598974,87.2,9:42:35,0096.jpg
1,18:42:36,174.03,121,136.9877105,35.159902,87.1,9:42:36,0097.jpg
1,18:42:37,175.42,122,136.9876963,35.1599063,87.1,9:42:37,0098.jpg
1,18:42:38,176.84,122,136.9876828,35.1599106,87.1,9:42:38,0099.jpg
1,18:42:39,178.28,122,136.9876702,35.1599145,87,9:42:39,0100.jpg
1,18:42:40,179.73,122,136.9876585,35.159918,87,9:42:40,0101.jpg
1,18:42:41,181.22,122,136.9876472,35.1599203,87,9:42:41,0102.jpg
1,18:42:42,182.72,125,136.9876366,35.1599218,87.1,9:42:42,0103.jpg
1,18:42:43,184.23,125,136.9876271,35.1599215,87.1,9:42:43,0104.jpg
1,18:42:44,185.74,125,136.9876194,35.1599195,87.3,9:42:44,0105.jpg
1,18:42:45,187.21,125,136.9876138,35.1599154,87.2,9:42:45,0106.jpg
1,18:42:46,188.65,125,136.9876103,35.1599089,87.1,9:42:46,0107.jpg
1,18:42:47,190.08,123,136.9876095,35.1599005,87,9:42:47,0108.jpg
1,18:42:48,191.49,123,136.9876122,35.159891,87.1,9:42:48,0109.jpg
1,18:42:49,192.89,123,136.9876186,35.1598814,86.8,9:42:49,0110.jpg
1,18:42:50,194.28,123,136.9876279,35.1598729,86.8,9:42:50,0111.jpg
1,18:42:51,195.67,123,136.9876395,35.1598656,86.6,9:42:51,0112.jpg
1,18:42:52,197.08,121,136.9876529,35.1598594,86.3,9:42:52,0113.jpg
1,18:42:53,198.49,121,136.9876668,35.1598536,86.6,9:42:53,0114.jpg
1,18:42:54,199.93,121,136.987681,35.1598474,86.6,9:42:54,0115.jpg
1,18:42:55,201.39,120,136.987695,35.1598405,86.69,9:42:55,0116.jpg
1,18:42:56,202.85,120,136.9877081,35.159833,86.9,9:42:56,0117.jpg
1,18:42:57,204.32,117,136.9877207,35.1598245,86.9,9:42:57,0118.jpg
1,18:42:58,205.79,117,136.9877329,35.159816,87,9:42:58,0119.jpg
1,18:42:59,207.26,117,136.9877448,35.1598078,87,9:42:59,0120.jpg
1,18:43:00,208.74,117,136.9877568,35.1597995,87,9:43:00,0121.jpg
1,18:43:01,210.24,117,136.9877692,35.159791,86.9,9:43:01,0122.jpg
1,18:43:02,211.74,120,136.987782,35.1597824,86.7,9:43:02,0123.jpg
1,18:43:03,213.27,120,136.9877949,35.1597739,86.8,9:43:03,0124.jpg
1,18:43:04,214.82,120,136.9878078,35.1597657,86.7,9:43:04,0125.jpg
1,18:43:05,216.39,120,136.9878209,35.1597582,86.8,9:43:05,0126.jpg
1,18:43:06,217.97,120,136.9878343,35.1597511,86.9,9:43:06,0127.jpg
1,18:43:07,219.54,118,136.987848,35.1597441,86.8,9:43:07,0128.jpg
1,18:43:08,221.11,118,136.9878618,35.1597375,86.8,9:43:08,0129.jpg
1,18:43:09,222.69,118,136.9878755,35.159731,86.7,9:43:09,0130.jpg
1,18:43:10,224.27,118,136.9878893,35.159725,86.7,9:43:10,0131.jpg
1,18:43:11,225.83,118,136.9879034,35.1597192,86.7,9:43:11,0132.jpg
1,18:43:12,227.36,120,136.9879175,35.1597137,86.7,9:43:12,0133.jpg
1,18:43:13,228.86,120,136.9879315,35.1597085,86.7,9:43:13,0134.jpg
1,18:43:14,230.35,120,136.9879458,35.1597036,86.6,9:43:14,0135.jpg
1,18:43:15,231.82,120,136.9879601,35.159699,86.5,9:43:15,0136.jpg
1,18:43:16,233.28,120,136.9879738,35.1596944,86.5,9:43:16,0137.jpg
1,18:43:17,234.75,122,136.987987,35.1596899,86.5,9:43:17,0138.jpg
1,18:43:18,236.24,122,136.9879986,35.1596849,86.5,9:43:18,0139.jpg
1,18:43:19,237.74,122,136.988009,35.1596794,86.5,9:43:19,0140.jpg
1,18:43:20,239.24,122,136.988018,35.1596735,86.5,9:43:20,0141.jpg
1,18:43:21,240.72,122,136.9880257,35.1596681,86.5,9:43:21,0142.jpg
1,18:43:22,242.2,122,136.9880319,35.1596638,86.7,9:43:22,0143.jpg
1,18:43:23,243.66,122,136.9880365,35.1596605,86.7,9:43:23,0144.jpg
1,18:43:24,245.1,122,136.9880399,35.1596582,86.6,9:43:24,0145.jpg
1,18:43:25,246.5,122,136.988042,35.1596566,86.4,9:43:25,0146.jpg
1,18:43:26,247.89,122,136.9880433,35.1596557,86.3,9:43:26,0147.jpg
1,18:43:27,249.24,121,136.9880443,35.1596547,86.3,9:43:27,0148.jpg
1,18:43:28,250.63,121,136.9880451,35.1596539,86.2,9:43:28,0149.jpg
1,18:43:29,251.94,121,136.9880459,35.1596527,86.3,9:43:29,0150.jpg
1,18:43:30,253.24,121,136.9880471,35.159651,86.4,9:43:30,0151.jpg
1,18:43:31,254.52,121,136.9880488,35.1596483,86.49,9:43:31,0152.jpg
1,18:43:32,255.78,120,136.9880506,35.159646,86.49,9:43:32,0153.jpg
1,18:43:33,257.02,120,136.988053,35.1596437,86.6,9:43:33,0154.jpg
1,18:43:34,258.21,120,136.9880544,35.1596422,86.6,9:43:34,0155.jpg
1,18:43:35,259.34,120,136.9880552,35.1596413,86.69,9:43:35,0156.jpg
1,18:43:36,260.42,120,136.9880557,35.1596408,86.69,9:43:36,0157.jpg
1,18:43:37,261.49,113,136.9880561,35.1596404,86.79,9:43:37,0158.jpg
1,18:43:38,262.52,113,136.9880563,35.1596402,86.79,9:43:38,0159.jpg
1,18:43:39,263.52,113,136.9880564,35.1596401,86.79,9:43:39,0160.jpg
1,18:43:40,264.5,113,136.9880565,35.15964,86.79,9:43:40,0161.jpg
1,18:43:41,265.46,113,136.9880565,35.15964,86.79,9:43:41,0162.jpg
1,18:43:42,266.37,110,136.9880565,35.15964,86.8,9:43:42,0163.jpg
1,18:43:43,267.26,110,136.9880565,35.15964,86.8,9:43:43,0164.jpg
1,18:43:44,268.14,110,136.9880565,35.15964,86.8,9:43:44,0165.jpg
1,18:43:45,268.96,110,136.9880565,35.15964,86.7,9:43:45,0166.jpg
1,18:43:46,269.24,110,136.9880565,35.1596398,86.7,9:43:46,0167.jpg
1,18:43:47,269.37,107,136.9880565,35.1596398,86.7,9:43:47,0168.jpg
1,18:43:48,269.37,107,136.9880565,35.1596398,86.7,9:43:48,0169.jpg
1,18:43:49,269.37,107,136.9880565,35.1596398,86.7,9:43:49,0170.jpg
1,18:43:50,269.37,107,136.9880565,35.1596398,86.6,9:43:50,0171.jpg
1,18:43:51,269.37,107,136.9880565,35.1596397,86.7,9:43:51,0172.jpg
1,18:43:52,269.37,106,136.9880564,35.1596397,86.7,9:43:52,0173.jpg
1,18:43:53,269.37,106,136.9880563,35.1596396,86.7,9:43:53,0174.jpg
1,18:43:54,269.37,106,136.9880562,35.1596394,86.7,9:43:54,0175.jpg
1,18:43:55,269.37,106,136.9880558,35.159639,86.7,9:43:55,0176.jpg
1,18:43:56,269.37,106,136.9880553,35.1596385,86.6,9:43:56,0177.jpg
1,18:43:57,269.37,106,136.9880545,35.1596376,86.6,9:43:57,0178.jpg
1,18:43:58,269.37,106,136.9880532,35.159636,86.7,9:43:58,0179.jpg
1,18:43:59,269.37,106,136.9880512,35.1596336,86.7,9:43:59,0180.jpg
1,18:44:00,269.37,106,136.9880476,35.1596296,86.6,9:44:00,0181.jpg
1,18:44:01,269.37,106,136.9880419,35.1596229,86.8,9:44:01,0182.jpg
1,18:44:02,269.37,102,136.988032,35.1596184,86.6,9:44:02,0183.jpg
1,18:44:03,269.37,101,136.9880197,35.1596155,86.5,9:44:03,0184.jpg
1,18:44:04,269.37,101,136.9880058,35.159614,86.8,9:44:04,0185.jpg
1,18:44:05,269.37,101,136.9879909,35.1596143,87,9:44:05,0186.jpg
1,18:44:06,269.64,101,136.9879752,35.1596167,86.9,9:44:06,0187.jpg
1,18:44:07,270.2,105,136.9879597,35.1596212,87,9:44:07,0188.jpg
1,18:44:08,271.11,105,136.9879451,35.1596272,86.8,9:44:08,0189.jpg
1,18:44:09,272.35,105,136.9879318,35.1596347,86.8,9:44:09,0190.jpg
1,18:44:10,273.89,105,136.9879193,35.1596434,86.7,9:44:10,0191.jpg
1,18:44:11,275.36,105,136.9879072,35.1596531,86.5,9:44:11,0192.jpg
1,18:44:12,276.74,110,136.9878951,35.159663,85.6,9:44:12,0193.jpg
1,18:44:13,278.06,110,136.9878833,35.1596733,85.6,9:44:13,0194.jpg
1,18:44:14,279.42,110,136.9878709,35.1596841,85.4,9:44:14,0195.jpg
1,18:44:15,280.75,110,136.9878585,35.1596947,85.4,9:44:15,0196.jpg
1,18:44:16,282.07,110,136.9878457,35.1597052,85.19,9:44:16,0197.jpg
1,18:44:17,283.44,108,136.9878334,35.1597154,85.29,9:44:17,0198.jpg
1,18:44:18,284.93,108,136.9878217,35.1597253,85.5,9:44:18,0199.jpg
1,18:44:19,286.33,108,136.9878095,35.1597353,85.6,9:44:19,0200.jpg
1,18:44:20,287.78,108,136.9877969,35.1597463,85.69,9:44:20,0201.jpg
1,18:44:21,289.32,108,136.9877839,35.1597584,85.6,9:44:21,0202.jpg
1,18:44:22,290.89,102,136.9877712,35.1597714,85.9,9:44:22,0203.jpg
1,18:44:23,292.32,102,136.9877586,35.1597852,85.99,9:44:23,0204.jpg
1,18:44:24,293.93,102,136.9877462,35.1597991,85.9,9:44:24,0205.jpg
1,18:44:25,295.63,102,136.9877338,35.1598123,85.9,9:44:25,0206.jpg
1,18:44:26,297.39,102,136.9877207,35.1598246,85.8,9:44:26,0207.jpg
1,18:44:27,299.08,98,136.9877067,35.1598346,85.7,9:44:27,0208.jpg
1,18:44:28,300.8,98,136.9876913,35.1598425,85.6,9:44:28,0209.jpg
1,18:44:29,302.51,98,136.9876751,35.1598485,85.8,9:44:29,0210.jpg
1,18:44:30,304.22,98,136.9876589,35.159853,85.5,9:44:30,0211.jpg
1,18:44:31,305.93,98,136.9876428,35.1598564,85.5,9:44:31,0212.jpg
1,18:44:32,307.67,108,136.9876275,35.1598595,85.4,9:44:32,0213.jpg
1,18:44:33,309.42,108,136.9876128,35.1598623,85.3,9:44:33,0214.jpg
1,18:44:34,311.16,108,136.9875984,35.1598647,85.8,9:44:34,0215.jpg
1,18:44:35,312.89,108,136.9875841,35.159867,85.8,9:44:35,0216.jpg
1,18:44:36,314.6,108,136.9875696,35.1598696,85.6,9:44:36,0217.jpg
1,18:44:37,316.31,111,136.9875547,35.1598723,85.8,9:44:37,0218.jpg
1,18:44:38,317.99,111,136.9875392,35.1598758,85.8,9:44:38,0219.jpg
1,18:44:39,319.66,111,136.9875236,35.1598794,85.7,9:44:39,0220.jpg
1,18:44:40,321.33,111,136.9875077,35.1598834,85.8,9:44:40,0221.jpg
1,18:44:41,323,111,136.9874911,35.1598874,85.7,9:44:41,0222.jpg
1,18:44:42,324.66,123,136.9874742,35.1598912,85.8,9:44:42,0223.jpg
1,18:44:43,326.3,123,136.9874569,35.1598951,85.8,9:44:43,0224.jpg
1,18:44:44,327.93,123,136.9874399,35.1598992,85.5,9:44:44,0225.jpg
1,18:44:45,329.53,123,136.9874232,35.1599036,85.5,9:44:45,0226.jpg
1,18:44:46,331.14,123,136.987407,35.1599083,85.4,9:44:46,0227.jpg
1,18:44:47,332.75,138,136.9873912,35.1599125,85.1,9:44:47,0228.jpg
1,18:44:48,334.35,138,136.9873754,35.1599169,85,9:44:48,0229.jpg
1,18:44:49,335.96,138,136.9873596,35.1599213,85,9:44:49,0230.jpg
1,18:44:50,337.57,138,136.9873439,35.1599261,85,9:44:50,0231.jpg
1,18:44:51,339.17,138,136.9873279,35.1599312,85.1,9:44:51,0232.jpg
1,18:44:52,340.77,125,136.9873114,35.159937,84.6,9:44:52,0233.jpg
1,18:44:53,342.37,125,136.9872948,35.1599438,84.5,9:44:53,0234.jpg
1,18:44:54,343.96,125,136.9872787,35.1599512,84.5,9:44:54,0235.jpg
1,18:44:55,345.55,125,136.9872624,35.1599588,84.5,9:44:55,0236.jpg
1,18:44:56,347.14,125,136.9872453,35.1599668,84.5,9:44:56,0237.jpg
1,18:44:57,348.74,132,136.9872279,35.1599747,84.6,9:44:57,0238.jpg
1,18:44:58,350.33,132,136.98721,35.1599827,84.5,9:44:58,0239.jpg
1,18:44:59,351.93,132,136.9871917,35.15999,84.3,9:44:59,0240.jpg
1,18:45:00,353.53,132,136.9871731,35.159997,84.3,9:45:00,0241.jpg
1,18:45:01,355.12,132,136.987154,35.1600035,84.3,9:45:01,0242.jpg
1,18:45:02,356.7,128,136.9871347,35.1600099,84,9:45:02,0243.jpg
1,18:45:03,358.28,128,136.9871149,35.1600161,83.7,9:45:03,0244.jpg
1,18:45:04,359.85,128,136.9870948,35.1600223,83.5,9:45:04,0245.jpg
1,18:45:05,361.42,128,136.9870746,35.1600285,83.5,9:45:05,0246.jpg
1,18:45:06,363.03,128,136.9870542,35.1600349,83.1,9:45:06,0247.jpg
1,18:45:07,364.67,128,136.9870342,35.1600413,82.69,9:45:07,0248.jpg
1,18:45:08,366.3,128,136.9870145,35.160048,82.49,9:45:08,0249.jpg
1,18:45:09,367.94,128,136.9869951,35.1600548,82.09,9:45:09,0250.jpg
1,18:45:10,369.59,128,136.9869757,35.160061,81.99,9:45:10,0251.jpg
1,18:45:11,371.23,128,136.9869565,35.1600667,81.89,9:45:11,0252.jpg
1,18:45:12,372.87,129,136.9869376,35.1600721,81.9,9:45:12,0253.jpg
1,18:45:13,374.52,129,136.9869187,35.1600772,81.8,9:45:13,0254.jpg
1,18:45:14,376.17,129,136.9868994,35.160082,81.8,9:45:14,0255.jpg
1,18:45:15,377.85,129,136.9868809,35.160086,81.8,9:45:15,0256.jpg
1,18:45:16,379.49,129,136.9868634,35.16009,81.3,9:45:16,0257.jpg
1,18:45:17,381.16,128,136.9868468,35.1600935,81.09,9:45:17,0258.jpg
1,18:45:18,382.85,128,136.9868308,35.1600966,81,9:45:18,0259.jpg
1,18:45:19,384.54,128,136.986815,35.1600999,80.8,9:45:19,0260.jpg
1,18:45:20,386.25,128,136.9867991,35.1601031,80.59,9:45:20,0261.jpg
1,18:45:21,387.96,128,136.9867827,35.1601062,80,9:45:21,0262.jpg
1,18:45:22,389.68,123,136.986766,35.1601088,79.7,9:45:22,0263.jpg
1,18:45:23,391.39,123,136.9867488,35.1601111,79.5,9:45:23,0264.jpg
1,18:45:24,393.08,123,136.9867314,35.1601129,79.2,9:45:24,0265.jpg
1,18:45:25,394.74,123,136.9867148,35.1601142,78.59,9:45:25,0266.jpg
1,18:45:26,396.41,123,136.9866986,35.160115,78.09,9:45:26,0267.jpg
1,18:45:27,398.06,123,136.9866825,35.1601149,78.09,9:45:27,0268.jpg
1,18:45:28,399.7,122,136.9866667,35.160114,78.09,9:45:28,0269.jpg
1,18:45:29,401.34,122,136.9866512,35.160113,78.3,9:45:29,0270.jpg
1,18:45:30,402.99,122,136.9866365,35.1601114,78.2,9:45:30,0271.jpg
1,18:45:31,404.62,122,136.9866222,35.1601095,78.09,9:45:31,0272.jpg
1,18:45:32,406.24,121,136.9866086,35.1601067,77.8,9:45:32,0273.jpg
1,18:45:33,407.85,121,136.9865954,35.160103,77.9,9:45:33,0274.jpg
1,18:45:34,409.46,121,136.9865829,35.1600988,78.09,9:45:34,0275.jpg
1,18:45:35,411.05,121,136.986571,35.1600943,78.09,9:45:35,0276.jpg
1,18:45:36,412.64,121,136.9865595,35.1600896,78.09,9:45:36,0277.jpg
1,18:45:37,414.19,122,136.9865478,35.1600848,78,9:45:37,0278.jpg
1,18:45:38,415.74,122,136.986536,35.1600801,78.3,9:45:38,0279.jpg
1,18:45:39,417.27,122,136.9865246,35.1600758,78.5,9:45:39,0280.jpg
1,18:45:40,418.78,122,136.986513,35.1600721,78.5,9:45:40,0281.jpg
1,18:45:41,420.27,122,136.9865015,35.160069,78.5,9:45:41,0282.jpg
1,18:45:42,421.74,121,136.9864898,35.1600665,78.59,9:45:42,0283.jpg
1,18:45:43,423.22,120,136.9864781,35.1600643,78.59,9:45:43,0284.jpg
1,18:45:44,424.69,120,136.9864665,35.1600629,78.69,9:45:44,0285.jpg
1,18:45:45,426.16,120,136.9864548,35.1600622,78.89,9:45:45,0286.jpg
1,18:45:46,427.6,120,136.986443,35.1600621,78.8,9:45:46,0287.jpg
1,18:45:47,429.02,122,136.9864317,35.1600626,78.59,9:45:47,0288.jpg
1,18:45:48,430.39,122,136.9864209,35.1600636,78.5,9:45:48,0289.jpg
1,18:45:49,431.75,122,136.9864106,35.1600648,78.59,9:45:49,0290.jpg
1,18:45:50,433.12,122,136.9864006,35.160066,78.5,9:45:50,0291.jpg
1,18:45:51,434.48,122,136.9863908,35.1600671,78.3,9:45:51,0292.jpg
1,18:45:52,435.83,118,136.9863815,35.1600683,78.09,9:45:52,0293.jpg
1,18:45:53,437.16,118,136.9863737,35.1600699,78.3,9:45:53,0294.jpg
1,18:45:54,438.49,118,136.9863675,35.1600721,78.2,9:45:54,0295.jpg
1,18:45:55,439.8,118,136.9863645,35.1600744,78.2,9:45:55,0296.jpg
1,18:45:56,441.07,118,136.9863651,35.1600767,78.09,9:45:56,0297.jpg
1,18:45:57,442.32,120,136.9863698,35.1600794,78.09,9:45:57,0298.jpg
1,18:45:58,443.55,120,136.9863784,35.1600822,78.09,9:45:58,0299.jpg
1,18:45:59,444.76,120,136.9863895,35.1600847,78,9:45:59,0300.jpg
1,18:46:00,445.95,120,136.9864018,35.1600869,78,9:46:00,0301.jpg
1,18:46:01,447.14,120,136.986415,35.1600887,78,9:46:01,0302.jpg
1,18:46:02,448.35,121,136.9864287,35.1600901,77.9,9:46:02,0303.jpg
1,18:46:03,449.57,121,136.9864424,35.1600912,78,9:46:03,0304.jpg
1,18:46:04,450.79,121,136.9864557,35.160092,77.8,9:46:04,0305.jpg
1,18:46:05,452.02,121,136.9864682,35.1600931,77.89,9:46:05,0306.jpg
1,18:46:06,453.24,121,136.9864804,35.1600945,78,9:46:06,0307.jpg
1,18:46:07,454.47,119,136.9864918,35.1600959,78.09,9:46:07,0308.jpg
1,18:46:08,455.7,119,136.9865024,35.160097,78.19,9:46:08,0309.jpg
1,18:46:09,456.92,119,136.9865121,35.1600975,78.19,9:46:09,0310.jpg
1,18:46:10,458.14,119,136.9865192,35.1600969,78.19,9:46:10,0311.jpg
1,18:46:11,459.37,119,136.9865229,35.1600947,78.09,9:46:11,0312.jpg
1,18:46:12,460.6,120,136.9865224,35.1600912,78.19,9:46:12,0313.jpg
1,18:46:13,461.84,120,136.9865172,35.1600868,78.09,9:46:13,0314.jpg
1,18:46:14,463.09,120,136.9865079,35.160082,78,9:46:14,0315.jpg
1,18:46:15,464.33,120,136.9864961,35.1600773,78.09,9:46:15,0316.jpg
1,18:46:16,465.57,120,136.9864829,35.1600728,78.09,9:46:16,0317.jpg
1,18:46:17,466.82,119,136.9864688,35.1600682,78.19,9:46:17,0318.jpg
1,18:46:18,468.07,119,136.9864539,35.1600635,78.09,9:46:18,0319.jpg
1,18:46:19,469.32,119,136.9864389,35.160059,78.09,9:46:19,0320.jpg
1,18:46:20,470.57,119,136.9864235,35.1600546,78.3,9:46:20,0321.jpg
1,18:46:21,471.84,119,136.9864082,35.1600502,78.09,9:46:21,0322.jpg
1,18:46:22,473.1,123,136.9863926,35.1600459,78,9:46:22,0323.jpg
1,18:46:23,474.39,123,136.9863768,35.1600413,78,9:46:23,0324.jpg
1,18:46:24,475.68,123,136.986361,35.1600372,78,9:46:24,0325.jpg
1,18:46:25,476.99,123,136.9863451,35.1600327,77.8,9:46:25,0326.jpg
1,18:46:26,478.31,123,136.9863287,35.1600279,77.7,9:46:26,0327.jpg
1,18:46:27,479.65,123,136.9863122,35.1600224,77.7,9:46:27,0328.jpg
1,18:46:28,480.99,123,136.9862952,35.1600168,77.59,9:46:28,0329.jpg
1,18:46:29,482.33,123,136.9862785,35.1600112,77.8,9:46:29,0330.jpg
1,18:46:30,483.69,123,136.9862618,35.1600055,77.8,9:46:30,0331.jpg
1,18:46:31,485.07,123,136.9862452,35.1599994,77.8,9:46:31,0332.jpg
1,18:46:32,486.46,123,136.9862291,35.1599936,77.9,9:46:32,0333.jpg
1,18:46:33,487.85,123,136.9862127,35.159988,78,9:46:33,0334.jpg
1,18:46:34,489.23,123,136.9861958,35.1599824,78,9:46:34,0335.jpg
1,18:46:35,490.61,123,136.9861783,35.1599771,78,9:46:35,0336.jpg
1,18:46:36,492.01,123,136.98616,35.1599722,77.7,9:46:36,0337.jpg
1,18:46:37,493.42,123,136.9861413,35.1599679,77.59,9:46:37,0338.jpg
1,18:46:38,494.82,123,136.9861225,35.1599643,77.4,9:46:38,0339.jpg
1,18:46:39,496.22,123,136.9861044,35.1599615,77.5,9:46:39,0340.jpg
1,18:46:40,497.64,123,136.986087,35.1599591,77.3,9:46:40,0341.jpg
1,18:46:41,499.04,123,136.9860705,35.1599573,77.3,9:46:41,0342.jpg
1,18:46:42,500.46,125,136.9860547,35.1599557,77.09,9:46:42,0343.jpg
1,18:46:43,501.86,125,136.9860388,35.1599543,77,9:46:43,0344.jpg
1,18:46:44,503.28,125,136.9860226,35.1599528,76.7,9:46:44,0345.jpg
1,18:46:45,504.7,125,136.9860058,35.1599511,76.59,9:46:45,0346.jpg
1,18:46:46,506.11,125,136.9859884,35.1599489,76.59,9:46:46,0347.jpg
1,18:46:47,507.52,122,136.985971,35.1599467,76.3,9:46:47,0348.jpg
1,18:46:48,508.92,122,136.9859539,35.1599443,76.3,9:46:48,0349.jpg
1,18:46:49,510.32,122,136.9859375,35.1599423,76.09,9:46:49,0350.jpg
1,18:46:50,511.72,122,136.9859213,35.1599413,76,9:46:50,0351.jpg
1,18:46:51,513.13,122,136.9859058,35.1599423,76,9:46:51,0352.jpg
1,18:46:52,514.53,120,136.9858917,35.1599455,75.8,9:46:52,0353.jpg
1,18:46:53,515.93,119,136.9858793,35.1599518,75.59,9:46:53,0354.jpg
1,18:46:54,517.33,119,136.9858686,35.1599606,75.5,9:46:54,0355.jpg
1,18:46:55,518.71,119,136.9858587,35.1599714,75.09,9:46:55,0356.jpg
1,18:46:56,520.08,119,136.9858493,35.1599834,75.09,9:46:56,0357.jpg
1,18:46:57,521.46,121,136.9858406,35.1599963,75,9:46:57,0358.jpg
1,18:46:58,522.83,121,136.9858323,35.1600094,74.7,9:46:58,0359.jpg
1,18:46:59,524.22,121,136.9858252,35.1600224,74.8,9:46:59,0360.jpg
1,18:47:00,525.6,121,136.9858186,35.1600353,74.8,9:47:00,0361.jpg
1,18:47:01,526.98,121,136.9858121,35.1600478,74.5,9:47:01,0362.jpg
1,18:47:02,528.35,121,136.9858053,35.16006,74.4,9:47:02,0363.jpg
1,18:47:03,529.67,121,136.9857981,35.1600726,74.3,9:47:03,0364.jpg
1,18:47:04,531.01,121,136.98579,35.1600856,74.3,9:47:04,0365.jpg
1,18:47:05,532.35,121,136.9857813,35.1600993,74.09,9:47:05,0366.jpg
1,18:47:06,533.7,121,136.985772,35.1601137,73.8,9:47:06,0367.jpg
1,18:47:07,535.06,120,136.9857625,35.1601281,73.4,9:47:07,0368.jpg
1,18:47:08,536.43,120,136.9857527,35.1601427,73.3,9:47:08,0369.jpg
1,18:47:09,537.83,120,136.9857428,35.160157,73.09,9:47:09,0370.jpg
1,18:47:10,539.27,120,136.9857329,35.160171,72.8,9:47:10,0371.jpg
1,18:47:11,540.74,120,136.9857233,35.1601845,72.7,9:47:11,0372.jpg
1,18:47:12,542.26,120,136.9857141,35.1601974,72.59,9:47:12,0373.jpg
1,18:47:13,543.84,120,136.9857051,35.1602105,72.5,9:47:13,0374.jpg
1,18:47:14,545.44,120,136.9856963,35.1602238,72.2,9:47:14,0375.jpg
1,18:47:15,547.07,120,136.9856874,35.1602372,72,9:47:15,0376.jpg
1,18:47:16,548.73,120,136.9856786,35.1602504,71.9,9:47:16,0377.jpg
1,18:47:17,550.4,117,136.9856699,35.1602634,71.7,9:47:17,0378.jpg
1,18:47:18,552.06,117,136.9856614,35.1602762,71.5,9:47:18,0379.jpg
1,18:47:19,553.71,117,136.9856533,35.1602888,71.3,9:47:19,0380.jpg
1,18:47:20,555.35,117,136.9856457,35.1603012,71.3,9:47:20,0381.jpg
1,18:47:21,556.98,117,136.9856381,35.1603136,71.3,9:47:21,0382.jpg
1,18:47:22,558.6,118,136.9856306,35.160326,71,9:47:22,0383.jpg
1,18:47:23,560.23,118,136.9856232,35.1603388,71,9:47:23,0384.jpg
1,18:47:24,561.86,118,136.985616,35.1603515,70.9,9:47:24,0385.jpg
1,18:47:25,563.49,118,136.9856085,35.1603644,70.7,9:47:25,0386.jpg
1,18:47:26,565.12,118,136.9856006,35.1603775,70.5,9:47:26,0387.jpg
1,18:47:27,566.74,119,136.9855926,35.1603905,70.3,9:47:27,0388.jpg
1,18:47:28,568.37,119,136.9855844,35.1604033,70.2,9:47:28,0389.jpg
1,18:47:29,569.99,119,136.9855764,35.160416,70.09,9:47:29,0390.jpg
1,18:47:30,571.61,119,136.9855688,35.1604286,70,9:47:30,0391.jpg
1,18:47:31,573.23,119,136.9855614,35.1604413,69.8,9:47:31,0392.jpg
1,18:47:32,574.85,118,136.9855539,35.1604539,69.8,9:47:32,0393.jpg
1,18:47:33,576.47,118,136.985546,35.1604668,69.5,9:47:33,0394.jpg
1,18:47:34,578.09,118,136.9855381,35.1604797,69.3,9:47:34,0395.jpg
1,18:47:35,579.71,118,136.9855294,35.1604924,69.3,9:47:35,0396.jpg
1,18:47:36,581.32,118,136.9855193,35.1605055,69.09,9:47:36,0397.jpg
1,18:47:37,582.95,115,136.9855077,35.1605188,69.2,9:47:37,0398.jpg
1,18:47:38,584.56,115,136.9854952,35.1605321,69,9:47:38,0399.jpg
1,18:47:39,586.17,115,136.9854828,35.1605456,68.9,9:47:39,0400.jpg
1,18:47:40,587.8,115,136.9854716,35.1605589,68.8,9:47:40,0401.jpg
1,18:47:41,589.43,115,136.9854616,35.1605719,68.8,9:47:41,0402.jpg
1,18:47:42,591.07,119,136.9854524,35.160585,68.59,9:47:42,0403.jpg
1,18:47:43,592.69,119,136.9854438,35.1605983,68.4,9:47:43,0404.jpg
1,18:47:44,594.29,119,136.9854358,35.160611,68.5,9:47:44,0405.jpg
1,18:47:45,595.89,119,136.9854282,35.1606236,68.5,9:47:45,0406.jpg
1,18:47:46,597.48,119,136.9854205,35.1606363,68.5,9:47:46,0407.jpg
1,18:47:47,599.07,122,136.9854125,35.1606493,68.3,9:47:47,0408.jpg
1,18:47:48,600.68,121,136.9854047,35.1606622,68.3,9:47:48,0409.jpg
1,18:47:49,602.28,121,136.9853975,35.1606748,68.3,9:47:49,0410.jpg
1,18:47:50,603.88,121,136.9853903,35.1606874,68.3,9:47:50,0411.jpg
1,18:47:51,605.49,121,136.9853832,35.1607003,68.2,9:47:51,0412.jpg
1,18:47:52,607.1,121,136.9853761,35.1607133,68.09,9:47:52,0413.jpg
1,18:47:53,608.71,121,136.9853693,35.1607264,68.2,9:47:53,0414.jpg
1,18:47:54,610.35,121,136.9853634,35.1607393,68.09,9:47:54,0415.jpg
1,18:47:55,611.98,121,136.9853578,35.1607525,68.09,9:47:55,0416.jpg
1,18:47:56,613.61,121,136.985352,35.1607665,67.89,9:47:56,0417.jpg
1,18:47:57,615.24,121,136.985346,35.1607808,67.59,9:47:57,0418.jpg
1,18:47:58,616.88,121,136.9853394,35.160795,67.3,9:47:58,0419.jpg
1,18:47:59,618.52,121,136.9853324,35.1608092,67.09,9:47:59,0420.jpg
1,18:48:00,620.16,121,136.985325,35.1608231,67.09,9:48:00,0421.jpg
1,18:48:01,621.81,121,136.9853177,35.1608371,66.8,9:48:01,0422.jpg
1,18:48:02,623.44,119,136.9853107,35.1608511,66.59,9:48:02,0423.jpg
1,18:48:03,625.06,119,136.9853042,35.1608651,66.39,9:48:03,0424.jpg
1,18:48:04,626.66,119,136.9852985,35.160879,66.3,9:48:04,0425.jpg
1,18:48:05,628.24,119,136.9852929,35.1608932,66.2,9:48:05,0426.jpg
1,18:48:06,629.82,119,136.9852872,35.1609073,66.09,9:48:06,0427.jpg
1,18:48:07,631.39,116,136.9852811,35.1609212,65.8,9:48:07,0428.jpg
1,18:48:08,632.97,116,136.9852747,35.160935,65.59,9:48:08,0429.jpg
1,18:48:09,634.54,116,136.9852676,35.160949,65.5,9:48:09,0430.jpg
1,18:48:10,636.12,116,136.9852601,35.1609626,65.4,9:48:10,0431.jpg
1,18:48:11,637.7,116,136.9852519,35.1609757,65.3,9:48:11,0432.jpg
1,18:48:12,639.28,114,136.9852433,35.1609881,65.2,9:48:12,0433.jpg
1,18:48:13,640.85,114,136.9852346,35.1610001,65.09,9:48:13,0434.jpg
1,18:48:14,642.41,114,136.9852264,35.1610118,65,9:48:14,0435.jpg
1,18:48:15,643.96,114,136.9852186,35.1610235,65,9:48:15,0436.jpg
1,18:48:16,645.51,114,136.9852113,35.1610352,65,9:48:16,0437.jpg
1,18:48:17,647.06,112,136.9852042,35.1610471,64.8,9:48:17,0438.jpg
1,18:48:18,648.6,112,136.9851971,35.1610595,64.59,9:48:18,0439.jpg
1,18:48:19,650.15,112,136.98519,35.1610721,64.39,9:48:19,0440.jpg
1,18:48:20,651.7,112,136.9851826,35.161085,64.48,9:48:20,0441.jpg
1,18:48:21,653.24,112,136.9851751,35.1610975,64.48,9:48:21,0442.jpg
1,18:48:22,654.79,110,136.9851673,35.1611094,64.4,9:48:22,0443.jpg
1,18:48:23,656.35,110,136.985159,35.1611212,64.4,9:48:23,0444.jpg
1,18:48:24,657.92,110,136.9851516,35.1611331,64.3,9:48:24,0445.jpg
1,18:48:25,659.5,110,136.9851453,35.1611447,64.3,9:48:25,0446.jpg
1,18:48:26,661.08,110,136.9851401,35.1611564,64.2,9:48:26,0447.jpg
1,18:48:27,662.67,106,136.9851357,35.1611685,64.09,9:48:27,0448.jpg
1,18:48:28,664.24,106,136.9851314,35.1611811,64,9:48:28,0449.jpg
1,18:48:29,665.8,106,136.9851271,35.1611938,64,9:48:29,0450.jpg
1,18:48:30,667.35,106,136.9851226,35.161207,64,9:48:30,0451.jpg
1,18:48:31,668.9,106,136.9851178,35.1612192,64.09,9:48:31,0452.jpg
1,18:48:32,670.46,109,136.9851134,35.1612309,64.09,9:48:32,0453.jpg
1,18:48:33,672.03,109,136.9851094,35.161242,64.09,9:48:33,0454.jpg
1,18:48:34,673.61,109,136.9851066,35.1612527,63.99,9:48:34,0455.jpg
1,18:48:35,675.22,109,136.9851047,35.1612638,63.7,9:48:35,0456.jpg
1,18:48:36,676.85,109,136.985103,35.1612755,63.9,9:48:36,0457.jpg
1,18:48:37,678.46,106,136.9851013,35.1612883,63.8,9:48:37,0458.jpg
1,18:48:38,680.09,106,136.9850988,35.1613017,63.7,9:48:38,0459.jpg
1,18:48:39,681.7,106,136.9850941,35.1613154,63.59,9:48:39,0460.jpg
1,18:48:40,683.3,106,136.9850869,35.1613287,63.5,9:48:40,0461.jpg
1,18:48:41,684.9,106,136.9850777,35.1613417,63.7,9:48:41,0462.jpg
1,18:48:42,686.49,106,136.9850674,35.1613547,63.6,9:48:42,0463.jpg
1,18:48:43,688.08,106,136.9850558,35.1613677,63.6,9:48:43,0464.jpg
1,18:48:44,689.67,106,136.985044,35.1613806,63.7,9:48:44,0465.jpg
1,18:48:45,691.25,106,136.9850321,35.1613933,63.8,9:48:45,0466.jpg
1,18:48:46,692.85,105,136.9850203,35.1614059,63.8,9:48:46,0467.jpg
1,18:48:47,694.45,107,136.9850086,35.1614188,63.6,9:48:47,0468.jpg
1,18:48:48,696.07,107,136.9849975,35.1614318,63.3,9:48:48,0469.jpg
1,18:48:49,697.71,107,136.984987,35.1614449,63.3,9:48:49,0470.jpg
1,18:48:50,699.38,107,136.9849771,35.1614577,63.4,9:48:50,0471.jpg
1,18:48:51,701.09,107,136.9849672,35.1614702,63.3,9:48:51,0472.jpg
1,18:48:52,702.78,105,136.9849572,35.1614828,63.2,9:48:52,0473.jpg
1,18:48:53,704.5,105,136.984947,35.1614953,63.2,9:48:53,0474.jpg
1,18:48:54,706.26,105,136.9849362,35.1615083,63.2,9:48:54,0475.jpg
1,18:48:55,708.04,105,136.9849252,35.1615223,63.09,9:48:55,0476.jpg
1,18:48:56,709.83,105,136.9849142,35.1615363,63.2,9:48:56,0477.jpg
1,18:48:57,711.59,104,136.984903,35.16155,63.09,9:48:57,0478.jpg
1,18:48:58,713.33,104,136.9848917,35.1615633,62.8,9:48:58,0479.jpg
1,18:48:59,715.07,104,136.98488,35.1615762,62.59,9:48:59,0480.jpg
1,18:49:00,716.8,104,136.9848679,35.1615888,62.39,9:49:00,0481.jpg
1,18:49:01,718.51,104,136.9848558,35.1616017,62.29,9:49:01,0482.jpg
1,18:49:02,720.21,100,136.9848439,35.1616147,62.09,9:49:02,0483.jpg
1,18:49:03,721.92,100,136.9848324,35.1616279,61.99,9:49:03,0484.jpg
1,18:49:04,723.61,100,136.9848217,35.1616411,61.79,9:49:04,0485.jpg
1,18:49:05,725.3,100,136.9848114,35.1616541,61.69,9:49:05,0486.jpg
1,18:49:06,726.99,100,136.9848015,35.161667,61.59,9:49:06,0487.jpg
1,18:49:07,728.66,101,136.984792,35.1616796,61.5,9:49:07,0488.jpg
1,18:49:08,730.3,101,136.9847827,35.1616921,61.3,9:49:08,0489.jpg
1,18:49:09,731.93,101,136.9847732,35.1617044,61.2,9:49:09,0490.jpg
1,18:49:10,733.56,101,136.9847631,35.1617166,61.2,9:49:10,0491.jpg
1,18:49:11,735.19,101,136.9847527,35.1617283,61.09,9:49:11,0492.jpg
1,18:49:12,736.82,92,136.9847422,35.1617396,60.99,9:49:12,0493.jpg
1,18:49:13,738.43,92,136.9847318,35.1617504,60.99,9:49:13,0494.jpg
1,18:49:14,740.03,92,136.9847214,35.161761,60.89,9:49:14,0495.jpg
1,18:49:15,741.61,92,136.9847112,35.1617715,61.09,9:49:15,0496.jpg
1,18:49:16,743.21,92,136.9847012,35.1617819,61.1,9:49:16,0497.jpg
1,18:49:17,744.81,90,136.9846914,35.1617925,60.9,9:49:17,0498.jpg
1,18:49:18,746.41,90,136.984682,35.1618029,61,9:49:18,0499.jpg
1,18:49:19,748.03,90,136.9846728,35.1618128,61,9:49:19,0500.jpg
1,18:49:20,749.64,90,136.9846634,35.1618222,61,9:49:20,0501.jpg
1,18:49:21,751.25,90,136.9846541,35.1618309,60.9,9:49:21,0502.jpg
1,18:49:22,752.89,92,136.9846445,35.1618395,61,9:49:22,0503.jpg
1,18:49:23,754.53,92,136.984635,35.1618479,61,9:49:23,0504.jpg
1,18:49:24,756.14,92,136.9846258,35.1618563,61,9:49:24,0505.jpg
1,18:49:25,757.75,92,136.9846177,35.161864,61,9:49:25,0506.jpg
1,18:49:26,759.32,92,136.9846104,35.1618713,61,9:49:26,0507.jpg
1,18:49:27,759.32,93,136.9846035,35.1618781,60.9,9:49:27,0508.jpg
1,18:49:28,759.32,93,136.9845972,35.1618844,60.8,9:49:28,0509.jpg
1,18:49:29,759.32,93,136.984592,35.1618901,60.8,9:49:29,0510.jpg
1,18:49:30,759.32,93,136.9845871,35.1618956,60.8,9:49:30,0511.jpg
1,18:49:31,759.32,93,136.9845828,35.1619009,60.7,9:49:31,0512.jpg
1,18:49:32,759.32,92,136.9845797,35.1619056,60.59,9:49:32,0513.jpg
1,18:49:33,761.33,92,136.9845779,35.1619097,60.7,9:49:33,0514.jpg
1,18:49:34,761.83,92,136.9845772,35.1619128,60.3,9:49:34,0515.jpg
1,18:49:35,762.41,92,136.9845771,35.1619149,60.3,9:49:35,0516.jpg
1,18:49:36,763.03,92,136.9845774,35.1619167,60.09,9:49:36,0517.jpg
1,18:49:37,763.67,93,136.9845785,35.1619186,60.09,9:49:37,0518.jpg
1,18:49:38,763.67,93,136.9845805,35.161921,59.89,9:49:38,0519.jpg
1,18:49:39,763.67,93,136.9845839,35.1619245,59.79,9:49:39,0520.jpg
1,18:49:40,763.67,93,136.9845895,35.16193,59.99,9:49:40,0521.jpg
1,18:49:41,763.67,93,136.9845933,35.1619368,59.99,9:49:41,0522.jpg
1,18:49:42,763.67,95,136.9845959,35.1619444,59.99,9:49:42,0523.jpg
1,18:49:43,763.67,95,136.9845979,35.1619524,59.9,9:49:43,0524.jpg
1,18:49:44,763.67,95,136.984599,35.16196,59.8,9:49:44,0525.jpg
1,18:49:45,763.67,95,136.9845995,35.1619669,59.9,9:49:45,0526.jpg
1,18:49:46,764.03,95,136.984599,35.1619728,60,9:49:46,0527.jpg
1,18:49:47,764.57,97,136.9845976,35.1619768,60,9:49:47,0528.jpg
1,18:49:48,765.39,97,136.9845946,35.1619787,60.1,9:49:48,0529.jpg
1,18:49:49,766.62,97,136.9845908,35.1619787,60.2,9:49:49,0530.jpg
1,18:49:50,768.06,97,136.9845849,35.1619768,60.3,9:49:50,0531.jpg
1,18:49:51,769.38,97,136.9845785,35.1619734,60.3,9:49:51,0532.jpg
1,18:49:52,770.78,97,136.9845716,35.1619682,60.3,9:49:52,0533.jpg
1,18:49:53,772.22,97,136.9845642,35.1619619,60.4,9:49:53,0534.jpg
1,18:49:54,773.49,97,136.9845572,35.1619549,60.4,9:49:54,0535.jpg
1,18:49:55,774.71,97,136.9845507,35.1619475,60.5,9:49:55,0536.jpg
1,18:49:56,776.02,97,136.9845454,35.1619399,60.4,9:49:56,0537.jpg
1,18:49:57,777.45,95,136.9845413,35.1619322,60.6,9:49:57,0538.jpg
1,18:49:58,778.87,95,136.9845383,35.1619244,60.4,9:49:58,0539.jpg
1,18:49:59,780.34,95,136.9845368,35.1619159,60.4,9:49:59,0540.jpg
1,18:50:00,781.91,95,136.9845368,35.1619068,60.2,9:50:00,0541.jpg
1,18:50:01,783.35,95,136.9845386,35.1618974,60.3,9:50:01,0542.jpg
1,18:50:02,784.67,96,136.9845417,35.1618881,60.3,9:50:02,0543.jpg
1,18:50:03,785.91,96,136.9845456,35.1618794,60.3,9:50:03,0544.jpg
1,18:50:04,787.11,96,136.9845506,35.1618708,60.2,9:50:04,0545.jpg
1,18:50:05,788.43,96,136.9845566,35.1618623,59.8,9:50:05,0546.jpg
1,18:50:06,789.8,96,136.9845638,35.1618533,59.59,9:50:06,0547.jpg
1,18:50:07,791.13,94,136.9845719,35.161844,59.49,9:50:07,0548.jpg
1,18:50:08,792.45,94,136.9845808,35.161835,59.49,9:50:08,0549.jpg
1,18:50:09,793.75,94,136.9845892,35.1618263,59.49,9:50:09,0550.jpg
1,18:50:10,795.04,94,136.9845972,35.161818,59.5,9:50:10,0551.jpg
1,18:50:11,796.32,94,136.984605,35.1618097,59.3,9:50:11,0552.jpg
1,18:50:12,797.6,96,136.9846122,35.1618012,59.3,9:50:12,0553.jpg
1,18:50:13,798.86,96,136.9846193,35.1617932,59.3,9:50:13,0554.jpg
1,18:50:14,800.12,96,136.9846257,35.1617851,59.2,9:50:14,0555.jpg
1,18:50:15,801.37,96,136.984632,35.1617771,59.2,9:50:15,0556.jpg
1,18:50:16,802.58,96,136.984638,35.1617689,59.09,9:50:16,0557.jpg
1,18:50:17,803.78,98,136.9846438,35.1617603,58.99,9:50:17,0558.jpg
1,18:50:18,804.98,98,136.9846498,35.1617512,58.99,9:50:18,0559.jpg
1,18:50:19,806.17,98,136.9846559,35.1617409,59,9:50:19,0560.jpg
1,18:50:20,807.37,98,136.9846617,35.1617298,59,9:50:20,0561.jpg
1,18:50:21,808.57,98,136.9846677,35.1617178,59,9:50:21,0562.jpg
1,18:50:22,809.77,96,136.9846739,35.1617056,59,9:50:22,0563.jpg
1,18:50:23,810.97,96,136.9846805,35.1616932,59,9:50:23,0564.jpg
1,18:50:24,812.18,96,136.9846874,35.1616813,59.1,9:50:24,0565.jpg
1,18:50:25,813.4,96,136.9846951,35.1616697,59.1,9:50:25,0566.jpg
1,18:50:26,814.61,96,136.9847032,35.1616584,58.9,9:50:26,0567.jpg
1,18:50:27,815.85,94,136.984712,35.1616472,58.9,9:50:27,0568.jpg
1,18:50:28,817.09,94,136.9847214,35.1616358,59.1,9:50:28,0569.jpg
1,18:50:29,818.33,94,136.9847307,35.1616246,59.1,9:50:29,0570.jpg
1,18:50:30,819.58,94,136.9847399,35.1616133,59.1,9:50:30,0571.jpg
1,18:50:31,820.82,94,136.9847482,35.161602,59.1,9:50:31,0572.jpg
1,18:50:32,822.06,94,136.9847558,35.1615905,59.1,9:50:32,0573.jpg
1,18:50:33,823.31,94,136.9847625,35.1615787,59.1,9:50:33,0574.jpg
1,18:50:34,824.55,94,136.9847692,35.161567,59.2,9:50:34,0575.jpg
1,18:50:35,825.79,94,136.9847758,35.1615558,59.2,9:50:35,0576.jpg
1,18:50:36,827.05,94,136.9847826,35.1615452,59.3,9:50:36,0577.jpg
1,18:50:37,828.31,94,136.9847897,35.161535,59.3,9:50:37,0578.jpg
1,18:50:38,829.56,94,136.9847963,35.1615254,59.3,9:50:38,0579.jpg
1,18:50:39,830.82,94,136.9848027,35.1615158,59.3,9:50:39,0580.jpg
1,18:50:40,832.1,94,136.9848092,35.1615058,59.3,9:50:40,0581.jpg
1,18:50:41,833.38,94,136.9848152,35.1614956,59.3,9:50:41,0582.jpg
1,18:50:42,834.66,92,136.9848207,35.1614854,59.3,9:50:42,0583.jpg
1,18:50:43,835.94,92,136.9848251,35.1614754,59.3,9:50:43,0584.jpg
1,18:50:44,837.21,92,136.9848288,35.1614648,59.2,9:50:44,0585.jpg
1,18:50:45,838.47,92,136.9848326,35.1614537,59.2,9:50:45,0586.jpg
1,18:50:46,839.74,92,136.9848368,35.1614428,59.1,9:50:46,0587.jpg
1,18:50:47,841.02,94,136.984841,35.1614321,59.1,9:50:47,0588.jpg
1,18:50:48,842.3,94,136.9848449,35.1614217,59.2,9:50:48,0589.jpg
1,18:50:49,843.59,94,136.9848486,35.1614113,59.3,9:50:49,0590.jpg
1,18:50:50,844.88,94,136.984852,35.1614012,59.1,9:50:50,0591.jpg
1,18:50:51,846.17,94,136.9848554,35.1613913,59.1,9:50:51,0592.jpg
1,18:50:52,847.44,96,136.984859,35.1613815,59.1,9:50:52,0593.jpg
1,18:50:53,848.71,96,136.9848623,35.1613716,59.3,9:50:53,0594.jpg
1,18:50:54,849.95,96,136.9848654,35.1613612,59.4,9:50:54,0595.jpg
1,18:50:55,851.17,96,136.9848679,35.1613504,59.4,9:50:55,0596.jpg
1,18:50:56,852.38,96,136.9848698,35.1613389,59.5,9:50:56,0597.jpg
1,18:50:57,853.56,94,136.9848717,35.1613271,59.4,9:50:57,0598.jpg
1,18:50:58,854.72,94,136.9848737,35.1613156,59.3,9:50:58,0599.jpg
1,18:50:59,855.89,94,136.9848758,35.1613041,59.3,9:50:59,0600.jpg
1,18:51:00,857.04,94,136.9848781,35.1612929,59.3,9:51:00,0601.jpg
1,18:51:01,858.2,94,136.9848812,35.1612829,59.3,9:51:01,0602.jpg
1,18:51:02,859.36,94,136.9848858,35.1612744,60,9:51:02,0603.jpg
1,18:51:03,860.54,94,136.9848919,35.1612667,60.6,9:51:03,0604.jpg
1,18:51:04,861.7,94,136.9848989,35.1612586,60.9,9:51:04,0605.jpg
1,18:51:05,862.85,94,136.9849061,35.1612498,61,9:51:05,0606.jpg
1,18:51:06,863.97,94,136.9849124,35.16124,61,9:51:06,0607.jpg
1,18:51:07,865.07,94,136.9849181,35.1612303,61.1,9:51:07,0608.jpg
1,18:51:08,866.15,94,136.9849232,35.1612208,61.1,9:51:08,0609.jpg
1,18:51:09,867.24,94,136.9849285,35.1612114,61,9:51:09,0610.jpg
1,18:51:10,868.34,94,136.9849334,35.1612021,60.7,9:51:10,0611.jpg
1,18:51:11,869.46,94,136.9849375,35.1611928,60.5,9:51:11,0612.jpg
1,18:51:12,870.61,94,136.9849415,35.1611838,60.5,9:51:12,0613.jpg
1,18:51:13,871.78,94,136.9849458,35.1611758,60.6,9:51:13,0614.jpg
1,18:51:14,872.95,94,136.9849516,35.1611689,60.8,9:51:14,0615.jpg
1,18:51:15,874.1,94,136.9849583,35.161163,60.8,9:51:15,0616.jpg
1,18:51:16,875.25,94,136.984965,35.1611575,60.6,9:51:16,0617.jpg
1,18:51:17,876.39,95,136.9849713,35.1611513,60.7,9:51:17,0618.jpg
1,18:51:18,877.51,95,136.9849766,35.1611441,61,9:51:18,0619.jpg
1,18:51:19,878.64,95,136.9849807,35.1611365,61.1,9:51:19,0620.jpg
1,18:51:20,879.76,95,136.9849838,35.1611284,61.2,9:51:20,0621.jpg
1,18:51:21,880.85,95,136.9849865,35.1611198,61.3,9:51:21,0622.jpg
1,18:51:22,881.94,97,136.9849888,35.1611114,61.6,9:51:22,0623.jpg
1,18:51:23,883.03,97,136.9849913,35.1611024,61.6,9:51:23,0624.jpg
1,18:51:24,884.07,97,136.9849941,35.1610924,61.7,9:51:24,0625.jpg
1,18:51:25,885.12,97,136.9849972,35.1610813,61.8,9:51:25,0626.jpg
1,18:51:26,886.16,97,136.9850007,35.1610694,61.9,9:51:26,0627.jpg
1,18:51:27,887.2,102,136.9850047,35.1610569,62.3,9:51:27,0628.jpg
1,18:51:28,888.21,102,136.9850088,35.161044,62.3,9:51:28,0629.jpg
1,18:51:29,889.23,102,136.9850132,35.1610309,62.5,9:51:29,0630.jpg
1,18:51:30,890.26,102,136.9850177,35.1610181,62.7,9:51:30,0631.jpg
1,18:51:31,891.3,101,136.9850223,35.1610057,62.9,9:51:31,0632.jpg
1,18:51:32,892.34,105,136.9850271,35.1609939,63.1,9:51:32,0633.jpg
1,18:51:33,893.37,105,136.9850321,35.1609832,63.2,9:51:33,0634.jpg
1,18:51:34,894.4,105,136.9850372,35.1609737,63.1,9:51:34,0635.jpg
1,18:51:35,895.42,105,136.9850429,35.1609646,63,9:51:35,0636.jpg
1,18:51:36,896.43,105,136.9850495,35.1609555,63.1,9:51:36,0637.jpg
1,18:51:37,897.38,105,136.9850563,35.1609462,63.1,9:51:37,0638.jpg
1,18:51:38,898.32,105,136.985063,35.1609368,63.1,9:51:38,0639.jpg
1,18:51:39,899.29,105,136.9850696,35.1609275,63.1,9:51:39,0640.jpg
1,18:51:40,900.28,105,136.9850762,35.160918,63.3,9:51:40,0641.jpg
1,18:51:41,901.31,105,136.9850826,35.1609086,63.2,9:51:41,0642.jpg
1,18:51:42,902.35,105,136.9850889,35.1608987,63.2,9:51:42,0643.jpg
1,18:51:43,903.42,105,136.985095,35.1608894,63.3,9:51:43,0644.jpg
1,18:51:44,904.48,105,136.9851012,35.1608808,63.5,9:51:44,0645.jpg
1,18:51:45,905.56,105,136.9851078,35.1608728,63.5,9:51:45,0646.jpg
1,18:51:46,906.65,105,136.9851146,35.1608657,63.5,9:51:46,0647.jpg
1,18:51:47,907.75,105,136.9851216,35.1608591,63.4,9:51:47,0648.jpg
1,18:51:48,908.85,105,136.9851292,35.1608523,63.5,9:51:48,0649.jpg
1,18:51:49,909.97,105,136.9851371,35.1608448,63.6,9:51:49,0650.jpg
1,18:51:50,911.1,105,136.985145,35.1608369,63.7,9:51:50,0651.jpg
1,18:51:51,912.22,105,136.9851525,35.1608292,63.7,9:51:51,0652.jpg
1,18:51:52,913.35,105,136.9851599,35.1608216,63.8,9:51:52,0653.jpg
1,18:51:53,914.48,105,136.9851673,35.1608137,63.8,9:51:53,0654.jpg
1,18:51:54,915.6,105,136.9851744,35.1608055,63.8,9:51:54,0655.jpg
1,18:51:55,916.73,105,136.9851818,35.1607969,63.8,9:51:55,0656.jpg
1,18:51:56,917.88,105,136.985189,35.1607884,63.8,9:51:56,0657.jpg
1,18:51:57,919.02,105,136.9851958,35.1607801,64,9:51:57,0658.jpg
1,18:51:58,920.18,105,136.9852026,35.1607713,64.2,9:51:58,0659.jpg
1,18:51:59,921.35,105,136.9852086,35.1607624,64.3,9:51:59,0660.jpg
1,18:52:00,922.5,105,136.9852144,35.1607534,64.5,9:52:00,0661.jpg
1,18:52:01,923.66,105,136.98522,35.160744,64.8,9:52:01,0662.jpg
1,18:52:02,924.82,105,136.9852257,35.1607342,64.89,9:52:02,0663.jpg
1,18:52:03,925.99,105,136.9852315,35.1607244,65.09,9:52:03,0664.jpg
1,18:52:04,927.16,105,136.985237,35.1607149,64.8,9:52:04,0665.jpg
1,18:52:05,928.35,105,136.9852421,35.1607052,64.8,9:52:05,0666.jpg
1,18:52:06,929.53,105,136.9852465,35.1606961,64.8,9:52:06,0667.jpg
1,18:52:07,930.71,100,136.9852505,35.1606879,64.7,9:52:07,0668.jpg
1,18:52:08,931.89,100,136.9852542,35.1606803,64.59,9:52:08,0669.jpg
1,18:52:09,933.03,100,136.985258,35.1606728,64.59,9:52:09,0670.jpg
1,18:52:10,934.14,100,136.9852623,35.1606653,64.59,9:52:10,0671.jpg
1,18:52:11,934.14,100,136.9852668,35.1606574,64.8,9:52:11,0672.jpg
1,18:52:12,934.14,102,136.9852718,35.1606493,64.59,9:52:12,0673.jpg
1,18:52:13,934.14,102,136.9852773,35.1606411,64.59,9:52:13,0674.jpg
1,18:52:14,934.14,102,136.9852834,35.1606332,64.7,9:52:14,0675.jpg
1,18:52:15,934.14,102,136.9852895,35.1606252,64.8,9:52:15,0676.jpg
1,18:52:16,934.14,102,136.9852955,35.160617,64.59,9:52:16,0677.jpg
1,18:52:17,934.14,100,136.9853014,35.1606083,64.69,9:52:17,0678.jpg
1,18:52:18,934.14,100,136.9853066,35.1605997,64.69,9:52:18,0679.jpg
1,18:52:19,934.14,100,136.9853116,35.1605916,64.69,9:52:19,0680.jpg
1,18:52:20,934.74,100,136.985316,35.1605842,64.79,9:52:20,0681.jpg
1,18:52:21,935.35,100,136.9853201,35.1605779,64.79,9:52:21,0682.jpg
1,18:52:22,936.23,102,136.9853237,35.1605729,64.89,9:52:22,0683.jpg
1,18:52:23,937.3,102,136.9853265,35.160569,64.59,9:52:23,0684.jpg
1,18:52:24,938.55,102,136.9853284,35.160566,64.69,9:52:24,0685.jpg
1,18:52:25,939.57,102,136.9853297,35.1605643,64.8,9:52:25,0686.jpg
1,18:52:26,940.32,102,136.9853305,35.1605632,64.8,9:52:26,0687.jpg
1,18:52:27,940.64,103,136.9853309,35.1605625,64.89,9:52:27,0688.jpg
1,18:52:28,940.79,103,136.9853312,35.1605622,64.89,9:52:28,0689.jpg
1,18:52:29,940.79,103,136.9853314,35.1605619,64.89,9:52:29,0690.jpg
1,18:52:30,940.79,103,136.9853315,35.1605618,64.89,9:52:30,0691.jpg
1,18:52:31,941.1,103,136.9853317,35.1605617,64.89,9:52:31,0692.jpg
1,18:52:32,941.6,103,136.9853317,35.1605617,64.89,9:52:32,0693.jpg
1,18:52:33,942.19,102,136.9853319,35.1605617,64.98,9:52:33,0694.jpg
1,18:52:34,942.8,102,136.985332,35.1605617,65,9:52:34,0695.jpg
1,18:52:35,943.43,102,136.9853324,35.1605618,64.9,9:52:35,0696.jpg
1,18:52:36,943.43,102,136.9853328,35.1605619,64.9,9:52:36,0697.jpg
1,18:52:37,943.43,102,136.9853337,35.1605622,65,9:52:37,0698.jpg
1,18:52:38,943.82,102,136.985335,35.1605625,65,9:52:38,0699.jpg
1,18:52:39,944.21,102,136.9853371,35.1605631,65,9:52:39,0700.jpg
1,18:52:40,944.67,102,136.9853406,35.1605641,65,9:52:40,0701.jpg
1,18:52:41,945.16,102,136.9853464,35.1605657,65,9:52:41,0702.jpg
1,18:52:42,945.67,102,136.9853526,35.1605668,65,9:52:42,0703.jpg
1,18:52:43,945.67,100,136.9853599,35.160568,65.09,9:52:43,0704.jpg
1,18:52:44,945.92,100,136.9853685,35.1605699,65.3,9:52:44,0705.jpg
1,18:52:45,946.38,100,136.9853779,35.1605726,65.3,9:52:45,0706.jpg
1,18:52:46,947.12,100,136.9853877,35.1605762,65.3,9:52:46,0707.jpg
1,18:52:47,948.06,100,136.9853977,35.1605804,65.59,9:52:47,0708.jpg
1,18:52:48,949.15,95,136.9854077,35.1605848,65.59,9:52:48,0709.jpg
1,18:52:49,950.25,95,136.9854175,35.1605891,65.89,9:52:49,0710.jpg
1,18:52:50,951.36,95,136.985427,35.1605929,65.8,9:52:50,0711.jpg
1,18:52:51,952.35,95,136.9854363,35.1605957,65.8,9:52:51,0712.jpg
1,18:52:52,953.36,95,136.9854448,35.1605979,65.8,9:52:52,0713.jpg
1,18:52:53,954.37,98,136.9854528,35.1605996,65.8,9:52:53,0714.jpg
1,18:52:54,955.25,98,136.9854608,35.1606008,65.89,9:52:54,0715.jpg
1,18:52:55,956.14,98,136.985468,35.1606009,65.8,9:52:55,0716.jpg
1,18:52:56,957.1,98,136.9854745,35.1605996,65.8,9:52:56,0717.jpg
1,18:52:57,958.01,98,136.9854795,35.1605974,65.89,9:52:57,0718.jpg
1,18:52:58,958.97,99,136.9854835,35.1605942,66.09,9:52:58,0719.jpg
1,18:52:59,960,99,136.9854873,35.1605904,66.5,9:52:59,0720.jpg
1,18:53:00,961,99,136.9854913,35.160586,66.5,9:53:00,0721.jpg
1,18:53:01,961.92,99,136.9854951,35.160581,66.4,9:53:01,0722.jpg
1,18:53:02,962.81,99,136.985499,35.1605757,66.5,9:53:02,0723.jpg
1,18:53:03,963.61,99,136.9855028,35.1605709,66.59,9:53:03,0724.jpg
1,18:53:04,964.32,99,136.9855064,35.1605662,66.8,9:53:04,0725.jpg
1,18:53:05,964.97,99,136.98551,35.1605618,66.7,9:53:05,0726.jpg
1,18:53:06,965.62,99,136.9855136,35.1605575,66.9,9:53:06,0727.jpg
1,18:53:07,966.27,99,136.9855171,35.1605536,67,9:53:07,0728.jpg
1,18:53:08,966.91,101,136.985521,35.1605496,67.09,9:53:08,0729.jpg
1,18:53:09,967.53,100,136.9855247,35.1605461,67.3,9:53:09,0730.jpg
1,18:53:10,968.49,100,136.9855275,35.1605437,67.4,9:53:10,0731.jpg
1,18:53:11,968.49,100,136.9855301,35.1605418,67.3,9:53:11,0732.jpg
1,18:53:12,968.49,100,136.9855325,35.1605403,67.3,9:53:12,0733.jpg
1,18:53:13,968.49,97,136.9855347,35.1605394,67.3,9:53:13,0734.jpg
1,18:53:14,968.49,97,136.9855363,35.1605388,67.5,9:53:14,0735.jpg
1,18:53:15,968.49,97,136.9855376,35.1605387,67.59,9:53:15,0736.jpg
1,18:53:16,968.49,97,136.9855382,35.1605388,67.59,9:53:16,0737.jpg
1,18:53:17,968.49,97,136.9855385,35.1605389,67.59,9:53:17,0738.jpg
1,18:53:18,968.49,99,136.9855385,35.1605393,67.5,9:53:18,0739.jpg
1,18:53:19,968.49,99,136.9855381,35.1605399,67.5,9:53:19,0740.jpg
1,18:53:20,968.49,99,136.9855373,35.1605408,67.5,9:53:20,0741.jpg
1,18:53:21,968.49,99,136.9855362,35.1605417,67.59,9:53:21,0742.jpg
1,18:53:22,968.49,99,136.985535,35.1605424,67.5,9:53:22,0743.jpg
1,18:53:23,968.49,99,136.9855343,35.1605434,67.4,9:53:23,0744.jpg
1,18:53:24,968.49,98,136.9855338,35.160544,67.3,9:53:24,0745.jpg
1,18:53:25,968.49,98,136.9855336,35.1605444,67.3,9:53:25,0746.jpg
1,18:53:26,968.49,98,136.9855335,35.1605446,67.3,9:53:26,0747.jpg
1,18:53:27,968.49,98,136.9855334,35.1605448,67.3,9:53:27,0748.jpg
1,18:53:28,968.49,99,136.9855332,35.1605448,67.3,9:53:28,0749.jpg
1,18:53:29,968.73,99,136.9855332,35.1605449,67.3,9:53:29,0750.jpg
1,18:53:30,969.07,99,136.9855332,35.1605449,67.3,9:53:30,0751.jpg
1,18:53:31,969.45,99,136.9855332,35.1605449,67.3,9:53:31,0752.jpg
1,18:53:32,969.84,99,136.9855332,35.1605449,67.3,9:53:32,0753.jpg
1,18:53:33,970.24,100,136.9855332,35.1605449,67.39,9:53:33,0754.jpg
1,18:53:34,970.24,100,136.9855332,35.1605449,67.39,9:53:34,0755.jpg
1,18:53:35,970.24,100,136.9855332,35.1605449,67.39,9:53:35,0756.jpg
1,18:53:36,970.24,100,136.9855332,35.1605449,67.39,9:53:36,0757.jpg
1,18:53:37,970.24,100,136.9855332,35.1605449,67.4,9:53:37,0758.jpg
1,18:53:38,970.24,97,136.9855332,35.1605449,67.4,9:53:38,0759.jpg
1,18:53:39,970.24,97,136.9855332,35.1605449,67.4,9:53:39,0760.jpg
1,18:53:40,970.46,97,136.9855332,35.1605449,67.4,9:53:40,0761.jpg
1,18:53:41,970.8,97,136.9855331,35.160545,67.4,9:53:41,0762.jpg
1,18:53:42,971.24,97,136.9855331,35.160545,67.4,9:53:42,0763.jpg
1,18:53:43,971.74,94,136.9855331,35.160545,67.4,9:53:43,0764.jpg
1,18:53:44,972.26,94,136.9855331,35.160545,67.4,9:53:44,0765.jpg
1,18:53:45,972.44,94,136.9855331,35.160545,67.4,9:53:45,0766.jpg
1,18:53:46,972.53,94,136.9855331,35.160545,67.4,9:53:46,0767.jpg
1,18:53:47,972.53,94,136.9855331,35.160545,67.4,9:53:47,0768.jpg
1,18:53:48,972.53,96,136.9855331,35.160545,67.4,9:53:48,0769.jpg
1,18:53:49,972.53,96,136.9855331,35.160545,67.4,9:53:49,0770.jpg
1,18:53:50,972.53,96,136.9855331,35.160545,67.4,9:53:50,0771.jpg
1,18:53:51,972.53,96,136.9855331,35.160545,67.5,9:53:51,0772.jpg
1,18:53:52,972.53,96,136.9855331,35.160545,67.5,9:53:52,0773.jpg
1,18:53:53,972.53,96,136.9855331,35.1605451,67.5,9:53:53,0774.jpg
1,18:53:54,972.53,96,136.9855331,35.1605451,67.5,9:53:54,0775.jpg
1,18:53:55,972.53,96,136.985533,35.1605452,67.5,9:53:55,0776.jpg
1,18:53:56,972.53,96,136.9855329,35.1605455,67.5,9:53:56,0777.jpg
1,18:53:57,972.53,96,136.9855328,35.1605458,67.5,9:53:57,0778.jpg
1,18:53:58,972.53,107,136.9855324,35.1605464,67.5,9:53:58,0779.jpg
1,18:53:59,972.53,107,136.9855319,35.1605474,67.5,9:53:59,0780.jpg
1,18:54:00,972.53,107,136.9855312,35.1605489,67.5,9:54:00,0781.jpg
1,18:54:01,972.53,107,136.9855299,35.1605514,67.5,9:54:01,0782.jpg
1,18:54:02,972.53,107,136.9855279,35.1605556,67.59,9:54:02,0783.jpg
1,18:54:03,972.53,117,136.985527,35.1605582,67.59,9:54:03,0784.jpg
1,18:54:04,972.53,117,136.985527,35.1605601,67.7,9:54:04,0785.jpg
1,18:54:05,972.53,117,136.9855273,35.1605617,67.8,9:54:05,0786.jpg
1,18:54:06,972.53,117,136.9855276,35.1605632,68,9:54:06,0787.jpg
1,18:54:07,972.53,117,136.9855279,35.1605648,68,9:54:07,0788.jpg
1,18:54:08,972.53,110,136.9855281,35.1605668,67.8,9:54:08,0789.jpg
1,18:54:09,972.53,110,136.9855287,35.1605684,68,9:54:09,0790.jpg
1,18:54:10,972.53,110,136.9855294,35.1605692,67.9,9:54:10,0791.jpg
1,18:54:11,972.53,110,136.9855305,35.1605694,68,9:54:11,0792.jpg
1,18:54:12,972.53,110,136.9855317,35.1605684,68.09,9:54:12,0793.jpg
1,18:54:13,972.53,111,136.9855317,35.1605656,68.2,9:54:13,0794.jpg
1,18:54:14,972.53,111,136.98553,35.1605613,68.5,9:54:14,0795.jpg
1,18:54:15,972.53,111,136.9855276,35.1605558,68.5,9:54:15,0796.jpg
1,18:54:16,972.53,111,136.9855251,35.1605493,68.5,9:54:16,0797.jpg
1,18:54:17,972.53,111,136.9855236,35.1605413,68.3,9:54:17,0798.jpg
1,18:54:18,972.53,127,136.9855237,35.160533,68.3,9:54:18,0799.jpg
1,18:54:19,972.53,127,136.9855253,35.1605245,68.3,9:54:19,0800.jpg
1,18:54:20,972.53,127,136.9855273,35.1605163,68.3,9:54:20,0801.jpg
1,18:54:21,972.53,127,136.9855295,35.1605085,68.3,9:54:21,0802.jpg
1,18:54:22,972.53,127,136.9855318,35.1605008,68.5,9:54:22,0803.jpg
1,18:54:23,972.72,131,136.9855341,35.1604929,68.4,9:54:23,0804.jpg
1,18:54:24,973.09,131,136.9855366,35.1604849,68.3,9:54:24,0805.jpg
1,18:54:25,973.67,131,136.9855391,35.1604768,68.3,9:54:25,0806.jpg
1,18:54:26,974.41,131,136.9855418,35.1604689,68.3,9:54:26,0807.jpg
1,18:54:27,975.28,131,136.9855442,35.1604608,68.3,9:54:27,0808.jpg
1,18:54:28,976.06,142,136.985546,35.1604528,68.3,9:54:28,0809.jpg
1,18:54:29,976.78,142,136.9855473,35.1604452,68.3,9:54:29,0810.jpg
1,18:54:30,977.42,142,136.9855489,35.1604373,68.2,9:54:30,0811.jpg
1,18:54:31,978.02,142,136.9855509,35.1604291,68.5,9:54:31,0812.jpg
1,18:54:32,978.6,142,136.9855535,35.1604213,68.5,9:54:32,0813.jpg
1,18:54:33,979.17,150,136.9855567,35.1604136,68.5,9:54:33,0814.jpg
1,18:54:34,979.67,150,136.9855604,35.1604061,68.5,9:54:34,0815.jpg
1,18:54:35,980.42,150,136.9855642,35.160399,68.4,9:54:35,0816.jpg
1,18:54:36,980.42,150,136.9855688,35.1603916,68.5,9:54:36,0817.jpg
1,18:54:37,980.42,150,136.9855738,35.1603842,68.3,9:54:37,0818.jpg
1,18:54:38,980.42,161,136.9855794,35.1603765,68.3,9:54:38,0819.jpg
1,18:54:39,980.42,161,136.9855852,35.160369,68.3,9:54:39,0820.jpg
1,18:54:40,980.42,161,136.9855917,35.1603621,68.3,9:54:40,0821.jpg
1,18:54:41,980.42,161,136.9855984,35.1603557,68.3,9:54:41,0822.jpg
1,18:54:42,980.42,161,136.9856054,35.1603495,68.09,9:54:42,0823.jpg
1,18:54:43,980.42,162,136.9856119,35.1603428,67.8,9:54:43,0824.jpg
1,18:54:44,980.42,162,136.9856178,35.1603355,67.89,9:54:44,0825.jpg
1,18:54:45,980.42,162,136.9856226,35.1603277,67.69,9:54:45,0826.jpg
1,18:54:46,980.42,162,136.9856271,35.1603197,67.89,9:54:46,0827.jpg
1,18:54:47,980.42,162,136.9856315,35.1603116,67.98,9:54:47,0828.jpg
1,18:54:48,980.42,163,136.9856355,35.1603041,67.98,9:54:48,0829.jpg
1,18:54:49,980.42,163,136.9856393,35.160297,68,9:54:49,0830.jpg
1,18:54:50,980.42,163,136.9856429,35.1602906,68.09,9:54:50,0831.jpg
1,18:54:51,980.42,163,136.9856465,35.1602844,68.09,9:54:51,0832.jpg
1,18:54:52,980.42,163,136.9856504,35.160278,68.19,9:54:52,0833.jpg
1,18:54:53,980.42,164,136.9856551,35.1602712,68.09,9:54:53,0834.jpg
1,18:54:54,980.42,164,136.9856608,35.1602641,67.89,9:54:54,0835.jpg
1,18:54:55,980.42,164,136.9856673,35.160257,67.8,9:54:55,0836.jpg
1,18:54:56,980.42,164,136.985674,35.1602498,67.8,9:54:56,0837.jpg
1,18:54:57,980.42,164,136.9856805,35.1602428,68,9:54:57,0838.jpg
1,18:54:58,980.42,164,136.9856867,35.1602355,67.9,9:54:58,0839.jpg
1,18:54:59,980.42,164,136.9856924,35.1602285,68.09,9:54:59,0840.jpg
1,18:55:00,980.42,164,136.9856979,35.1602216,68.3,9:55:00,0841.jpg
1,18:55:01,980.42,164,136.9857033,35.1602142,68.5,9:55:01,0842.jpg
1,18:55:02,980.66,164,136.9857085,35.1602067,68.4,9:55:02,0843.jpg
1,18:55:03,981.16,166,136.9857128,35.1601992,68.3,9:55:03,0844.jpg
1,18:55:04,981.79,166,136.9857166,35.1601919,68.4,9:55:04,0845.jpg
1,18:55:05,982.63,166,136.98572,35.1601843,68.4,9:55:05,0846.jpg
1,18:55:06,983.63,166,136.9857235,35.160176,68.5,9:55:06,0847.jpg
1,18:55:07,984.58,166,136.985727,35.1601672,68.5,9:55:07,0848.jpg
1,18:55:08,985.38,167,136.9857305,35.1601586,68.59,9:55:08,0849.jpg
1,18:55:09,986.23,167,136.9857343,35.1601502,68.8,9:55:09,0850.jpg
1,18:55:10,987.12,167,136.9857384,35.1601417,69,9:55:10,0851.jpg
1,18:55:11,988.02,167,136.9857424,35.1601337,69,9:55:11,0852.jpg
1,18:55:12,988.79,167,136.9857464,35.1601259,69,9:55:12,0853.jpg
1,18:55:13,989.5,169,136.9857502,35.1601179,68.8,9:55:13,0854.jpg
1,18:55:14,989.5,169,136.9857538,35.1601098,69.09,9:55:14,0855.jpg
1,18:55:15,989.5,169,136.985757,35.1601017,69.19,9:55:15,0856.jpg
1,18:55:16,989.5,169,136.98576,35.160094,69.3,9:55:16,0857.jpg
1,18:55:17,989.5,169,136.9857628,35.1600862,69.3,9:55:17,0858.jpg
1,18:55:18,989.5,171,136.9857657,35.1600778,69.39,9:55:18,0859.jpg
1,18:55:19,989.5,171,136.9857687,35.1600689,69.48,9:55:19,0860.jpg
1,18:55:20,990.45,171,136.9857714,35.1600597,69.48,9:55:20,0861.jpg
1,18:55:21,990.87,171,136.9857742,35.1600507,69.39,9:55:21,0862.jpg
1,18:55:22,991.66,171,136.985777,35.1600422,69.3,9:55:22,0863.jpg
1,18:55:23,992.7,173,136.9857805,35.1600342,69.39,9:55:23,0864.jpg
1,18:55:24,993.86,173,136.9857841,35.1600268,69.48,9:55:24,0865.jpg
1,18:55:25,995.77,173,136.9857879,35.16002,69.59,9:55:25,0866.jpg
1,18:55:26,995.77,173,136.9857917,35.1600136,69.59,9:55:26,0867.jpg
1,18:55:27,995.77,173,136.9857955,35.1600081,69.69,9:55:27,0868.jpg
1,18:55:28,995.77,173,136.9857994,35.1600033,69.69,9:55:28,0869.jpg
1,18:55:29,995.77,173,136.9858034,35.1599994,69.98,9:55:29,0870.jpg
1,18:55:30,995.77,173,136.9858073,35.1599963,69.98,9:55:30,0871.jpg
1,18:55:31,995.77,173,136.985811,35.1599934,69.98,9:55:31,0872.jpg
1,18:55:32,995.77,173,136.9858142,35.1599909,70.29,9:55:32,0873.jpg
1,18:55:33,995.77,174,136.9858168,35.1599892,70.29,9:55:33,0874.jpg
1,18:55:34,995.77,174,136.9858186,35.1599882,70.3,9:55:34,0875.jpg
1,18:55:35,995.77,174,136.9858198,35.1599876,70.3,9:55:35,0876.jpg
1,18:55:36,995.77,174,136.9858205,35.1599872,70.3,9:55:36,0877.jpg
1,18:55:37,995.77,174,136.9858209,35.159987,70.3,9:55:37,0878.jpg
1,18:55:38,995.77,173,136.9858211,35.1599867,70.3,9:55:38,0879.jpg
1,18:55:39,995.77,173,136.9858214,35.1599867,70.3,9:55:39,0880.jpg
1,18:55:40,995.77,173,136.9858214,35.1599866,70.3,9:55:40,0881.jpg
1,18:55:41,995.77,173,136.9858215,35.1599866,70.3,9:55:41,0882.jpg
1,18:55:42,995.77,173,136.9858216,35.1599865,70.3,9:55:42,0883.jpg
1,18:55:43,995.77,173,136.9858216,35.1599865,70.3,9:55:43,0884.jpg
1,18:55:44,995.77,173,136.9858217,35.1599864,70.3,9:55:44,0885.jpg
1,18:55:45,995.77,170,136.9858217,35.1599863,70.3,9:55:45,0886.jpg
1,18:55:46,995.77,170,136.985822,35.1599861,70.3,9:55:46,0887.jpg
1,18:55:47,995.77,170,136.9858222,35.1599859,70.3,9:55:47,0888.jpg
1,18:55:48,995.77,170,136.9858227,35.1599854,70.3,9:55:48,0889.jpg
1,18:55:49,995.77,170,136.9858233,35.1599847,70.39,9:55:49,0890.jpg
1,18:55:50,995.77,169,136.9858245,35.1599835,70.59,9:55:50,0891.jpg
1,18:55:51,995.77,169,136.9858254,35.1599833,70.59,9:55:51,0892.jpg
1,18:55:52,995.77,169,136.9858266,35.1599839,70.59,9:55:52,0893.jpg
1,18:55:53,996.04,169,136.9858274,35.1599851,70.8,9:55:53,0894.jpg
1,18:55:54,996.52,169,136.9858279,35.1599859,70.89,9:55:54,0895.jpg
1,18:55:55,997.28,169,136.9858285,35.1599866,70.98,9:55:55,0896.jpg
1,18:55:56,998.17,169,136.985829,35.1599873,71.09,9:55:56,0897.jpg
1,18:55:57,999.2,169,136.9858298,35.1599883,70.98,9:55:57,0898.jpg
1,18:55:58,1000,169,136.9858308,35.1599894,70.98,9:55:58,0899.jpg
1,18:55:58,1000.1,169,136.9858309,35.1599896,70.98,9:55:58,0900.jpg
1,18:55:59,1001.07,169,136.985832,35.1599909,70.79,9:55:59,0901.jpg
1,18:56:00,1001.89,169,136.9858327,35.1599916,70.79,9:56:00,0902.jpg
1,18:56:01,1002.78,169,136.9858332,35.1599919,70.8,9:56:01,0903.jpg
1,18:56:02,1003.65,169,136.9858336,35.1599917,70.8,9:56:02,0904.jpg
1,18:56:03,1004.54,169,136.9858344,35.1599914,70.8,9:56:03,0905.jpg
1,18:56:04,1005.33,169,136.9858353,35.1599904,70.8,9:56:04,0906.jpg
1,18:56:05,1006.12,169,136.9858367,35.1599888,70.8,9:56:05,0907.jpg
1,18:56:06,1006.85,167,136.985839,35.1599861,70.89,9:56:06,0908.jpg
1,18:56:07,1007.59,167,136.9858407,35.1599836,71.09,9:56:07,0909.jpg
1,18:56:08,1008.37,167,136.9858416,35.1599822,71.19,9:56:08,0910.jpg
1,18:56:09,1009.13,167,136.9858422,35.1599813,71.19,9:56:09,0911.jpg
1,18:56:10,1009.77,167,136.9858427,35.1599808,71.2,9:56:10,0912.jpg
1,18:56:11,1010.3,168,136.9858429,35.1599804,71.2,9:56:11,0913.jpg
1,18:56:12,1010.51,168,136.9858431,35.1599802,71.2,9:56:12,0914.jpg
1,18:56:13,1010.51,168,136.9858431,35.1599801,71.2,9:56:13,0915.jpg
1,18:56:14,1010.51,168,136.9858432,35.1599799,71.2,9:56:14,0916.jpg
1,18:56:15,1010.51,168,136.9858432,35.1599799,71.2,9:56:15,0917.jpg
1,18:56:16,1010.51,166,136.9858432,35.1599799,71.2,9:56:16,0918.jpg
1,18:56:17,1010.51,166,136.9858432,35.1599799,71.2,9:56:17,0919.jpg
1,18:56:18,1010.51,166,136.9858432,35.1599799,71.2,9:56:18,0920.jpg
1,18:56:19,1010.51,166,136.9858432,35.1599799,71.2,9:56:19,0921.jpg
1,18:56:20,1010.51,166,136.9858432,35.1599799,71.2,9:56:20,0922.jpg
1,18:56:21,1010.51,166,136.9858432,35.1599799,71.2,9:56:21,0923.jpg
1,18:56:22,1010.51,166,136.9858432,35.1599799,71.2,9:56:22,0924.jpg
1,18:56:23,1010.51,166,136.9858432,35.1599799,71.2,9:56:23,0925.jpg
1,18:56:24,1010.51,166,136.9858432,35.1599799,71.2,9:56:24,0926.jpg
1,18:56:25,1010.51,166,136.9858433,35.1599799,71.2,9:56:25,0927.jpg
1,18:56:26,1010.51,167,136.9858433,35.1599798,71.2,9:56:26,0928.jpg
1,18:56:27,1010.51,167,136.9858433,35.1599798,71.2,9:56:27,0929.jpg
1,18:56:28,1010.51,167,136.9858433,35.1599798,71.3,9:56:28,0930.jpg
1,18:56:29,1010.51,167,136.9858433,35.1599798,71.3,9:56:29,0931.jpg
1,18:56:30,1010.51,167,136.9858433,35.1599798,71.3,9:56:30,0932.jpg
1,18:56:31,1010.51,168,136.9858433,35.1599798,71.3,9:56:31,0933.jpg
1,18:56:32,1010.51,168,136.9858433,35.1599798,71.3,9:56:32,0934.jpg
1,18:56:33,1010.51,168,136.9858433,35.1599798,71.3,9:56:33,0935.jpg
1,18:56:34,1010.51,167,136.9858433,35.1599798,71.3,9:56:34,0936.jpg
1,18:56:35,1010.51,167,136.9858433,35.1599798,71.3,9:56:35,0937.jpg
1,18:56:36,1010.51,167,136.9858433,35.1599798,71.3,9:56:36,0938.jpg
1,18:56:37,1010.51,167,136.9858434,35.1599797,71.3,9:56:37,0939.jpg
1,18:56:38,1010.51,167,136.9858435,35.1599797,71.3,9:56:38,0940.jpg
1,18:56:39,1010.51,167,136.9858437,35.1599796,71.3,9:56:39,0941.jpg
1,18:56:40,1010.51,167,136.9858439,35.1599793,71.3,9:56:40,0942.jpg
1,18:56:41,1010.51,167,136.9858444,35.159979,71.3,9:56:41,0943.jpg
1,18:56:42,1010.71,167,136.9858451,35.1599784,71.3,9:56:42,0944.jpg
1,18:56:43,1010.99,167,136.9858463,35.1599773,71.3,9:56:43,0945.jpg
1,18:56:44,1011.36,167,136.9858482,35.1599758,71.3,9:56:44,0946.jpg
1,18:56:45,1011.8,167,136.9858513,35.159973,71.09,9:56:45,0947.jpg
1,18:56:46,1012.33,165,136.9858547,35.1599704,71,9:56:46,0948.jpg
1,18:56:47,1012.89,165,136.9858586,35.1599679,71,9:56:47,0949.jpg
1,18:56:48,1013.53,165,136.985863,35.1599656,70.5,9:56:48,0950.jpg
1,18:56:49,1014.18,165,136.9858676,35.1599636,70.59,9:56:49,0951.jpg
1,18:56:50,1014.79,165,136.9858729,35.1599621,70.5,9:56:50,0952.jpg
1,18:56:51,1015.35,156,136.9858786,35.1599606,70.3,9:56:51,0953.jpg
1,18:56:52,1015.51,156,136.9858843,35.1599599,69.89,9:56:52,0954.jpg
1,18:56:53,1015.51,156,136.9858909,35.1599596,69.69,9:56:53,0955.jpg
1,18:56:54,1015.51,156,136.9858984,35.1599597,69.79,9:56:54,0956.jpg
1,18:56:55,1015.51,156,136.9859073,35.15996,69.8,9:56:55,0957.jpg
1,18:56:56,1015.51,154,136.9859177,35.1599609,70,9:56:56,0958.jpg
1,18:56:57,1015.69,154,136.9859287,35.1599624,70.09,9:56:57,0959.jpg
1,18:56:58,1016.03,154,136.9859397,35.1599641,70.19,9:56:58,0960.jpg
1,18:56:59,1016.6,154,136.9859512,35.1599661,70.48,9:56:59,0961.jpg
1,18:57:00,1017.39,154,136.9859631,35.1599684,70.48,9:57:00,0962.jpg
1,18:57:01,1018.36,151,136.9859753,35.1599706,70.48,9:57:01,0963.jpg
1,18:57:02,1019.27,151,136.985988,35.1599733,70.59,9:57:02,0964.jpg
1,18:57:03,1020.14,151,136.986001,35.1599758,70.59,9:57:03,0965.jpg
1,18:57:04,1020.89,151,136.9860148,35.1599785,70.7,9:57:04,0966.jpg
1,18:57:05,1021.58,151,136.9860295,35.1599817,71,9:57:05,0967.jpg
1,18:57:06,1022.31,155,136.9860449,35.1599854,71.09,9:57:06,0968.jpg
1,18:57:07,1023.08,155,136.9860603,35.1599894,71.09,9:57:07,0969.jpg
1,18:57:08,1023.88,155,136.9860744,35.1599926,71.09,9:57:08,0970.jpg
1,18:57:09,1024.78,155,136.9860872,35.159995,71,9:57:09,0971.jpg
1,18:57:10,1025.74,155,136.986099,35.1599964,71.09,9:57:10,0972.jpg
1,18:57:11,1026.6,155,136.9861101,35.1599975,71.3,9:57:11,0973.jpg
1,18:57:12,1027.39,155,136.9861203,35.1599983,71.09,9:57:12,0974.jpg
1,18:57:13,1028.17,155,136.9861304,35.1600001,71.5,9:57:13,0975.jpg
1,18:57:14,1028.86,155,136.9861401,35.1600022,71.8,9:57:14,0976.jpg
1,18:57:15,1029.46,155,136.9861499,35.160005,72,9:57:15,0977.jpg
1,18:57:16,1030.13,151,136.9861602,35.1600078,72.09,9:57:16,0978.jpg
1,18:57:17,1030.84,151,136.9861712,35.1600105,72.3,9:57:17,0979.jpg
1,18:57:18,1031.57,151,136.9861828,35.1600133,72.39,9:57:18,0980.jpg
1,18:57:19,1032.3,151,136.9861941,35.1600165,72.48,9:57:19,0981.jpg
1,18:57:20,1033.03,151,136.9862046,35.1600205,72.69,9:57:20,0982.jpg
1,18:57:21,1033.77,152,136.986214,35.1600251,72.69,9:57:21,0983.jpg
1,18:57:22,1034.5,152,136.9862224,35.1600294,72.8,9:57:22,0984.jpg
1,18:57:23,1035.23,152,136.9862303,35.1600331,72.89,9:57:23,0985.jpg
1,18:57:24,1035.95,152,136.9862385,35.1600368,72.8,9:57:24,0986.jpg
1,18:57:25,1036.69,152,136.9862473,35.1600406,73,9:57:25,0987.jpg
1,18:57:26,1037.45,149,136.9862564,35.1600437,72.8,9:57:26,0988.jpg
1,18:57:27,1038.22,149,136.9862657,35.1600465,72.89,9:57:27,0989.jpg
1,18:57:28,1039.03,149,136.9862761,35.1600488,73.09,9:57:28,0990.jpg
1,18:57:29,1039.89,149,136.9862877,35.1600511,73.3,9:57:29,0991.jpg
1,18:57:30,1040.76,149,136.9862999,35.1600535,73.59,9:57:30,0992.jpg
1,18:57:31,1041.64,151,136.9863125,35.1600565,73.7,9:57:31,0993.jpg
1,18:57:32,1042.53,151,136.9863255,35.1600598,73.7,9:57:32,0994.jpg
1,18:57:33,1043.39,151,136.9863385,35.1600635,73.7,9:57:33,0995.jpg
1,18:57:34,1044.28,151,136.9863513,35.160067,73.8,9:57:34,0996.jpg
1,18:57:35,1045.17,151,136.9863634,35.1600701,73.8,9:57:35,0997.jpg
1,18:57:36,1046.1,152,136.9863753,35.1600728,73.89,9:57:36,0998.jpg
1,18:57:37,1047.09,152,136.9863873,35.1600754,73.89,9:57:37,0999.jpg
1,18:57:38,1048.09,152,136.9863999,35.1600777,74.09,9:57:38,1000.jpg
1,18:57:39,1049.09,152,136.9864129,35.16008,74.09,9:57:39,1001.jpg
1,18:57:40,1050.08,152,136.9864262,35.1600821,74.3,9:57:40,1002.jpg
1,18:57:41,1051.07,150,136.9864395,35.1600845,74.5,9:57:41,1003.jpg
1,18:57:42,1052.04,150,136.9864526,35.1600868,74.59,9:57:42,1004.jpg
1,18:57:43,1053.03,150,136.9864651,35.160089,74.8,9:57:43,1005.jpg
1,18:57:44,1054.02,150,136.9864764,35.160091,74.8,9:57:44,1006.jpg
1,18:57:45,1055,150,136.9864873,35.1600931,75,9:57:45,1007.jpg
1,18:57:46,1055.99,150,136.9864979,35.160095,75.09,9:57:46,1008.jpg
1,18:57:47,1056.97,150,136.9865077,35.1600968,75.3,9:57:47,1009.jpg
1,18:57:48,1057.95,150,136.9865172,35.1600991,75.39,9:57:48,1010.jpg
1,18:57:49,1058.92,150,136.9865266,35.1601022,75.59,9:57:49,1011.jpg
1,18:57:50,1059.9,150,136.9865355,35.1601058,75.5,9:57:50,1012.jpg
1,18:57:51,1060.88,141,136.9865443,35.16011,75.59,9:57:51,1013.jpg
1,18:57:52,1061.86,141,136.9865522,35.1601143,75.59,9:57:52,1014.jpg
1,18:57:53,1062.84,141,136.9865597,35.1601183,75.59,9:57:53,1015.jpg
1,18:57:54,1063.82,141,136.9865667,35.1601222,75.59,9:57:54,1016.jpg
1,18:57:55,1064.78,141,136.9865727,35.1601251,75.8,9:57:55,1017.jpg
1,18:57:56,1065.74,137,136.9865776,35.1601275,75.7,9:57:56,1018.jpg
1,18:57:57,1066.68,137,136.986581,35.1601287,76,9:57:57,1019.jpg
1,18:57:58,1067.61,137,136.9865826,35.1601281,76,9:57:58,1020.jpg
1,18:57:59,1068.53,137,136.9865825,35.1601254,76,9:57:59,1021.jpg
1,18:58:00,1069.43,137,136.9865808,35.1601211,76.2,9:58:00,1022.jpg
1,18:58:01,1070.33,138,136.9865799,35.1601171,76.3,9:58:01,1023.jpg
1,18:58:02,1071.24,138,136.9865803,35.1601142,76.5,9:58:02,1024.jpg
1,18:58:03,1072.14,138,136.9865824,35.1601123,76.5,9:58:03,1025.jpg
1,18:58:04,1073.04,138,136.9865859,35.1601113,76.5,9:58:04,1026.jpg
1,18:58:05,1073.93,138,136.9865905,35.1601111,76.5,9:58:05,1027.jpg
1,18:58:06,1074.32,133,136.9865959,35.1601115,76.3,9:58:06,1028.jpg
1,18:58:07,1074.32,133,136.9866014,35.1601129,76.5,9:58:07,1029.jpg
1,18:58:08,1074.32,133,136.9866067,35.160115,76.4,9:58:08,1030.jpg
1,18:58:09,1074.32,133,136.9866122,35.1601175,76.3,9:58:09,1031.jpg
1,18:58:10,1074.32,133,136.9866183,35.1601202,76.3,9:58:10,1032.jpg
1,18:58:11,1074.32,135,136.9866248,35.1601231,76.2,9:58:11,1033.jpg
1,18:58:12,1074.32,134,136.9866314,35.1601261,76.09,9:58:12,1034.jpg
1,18:58:13,1074.32,134,136.9866378,35.1601288,76,9:58:13,1035.jpg
1,18:58:14,1074.32,134,136.9866441,35.1601313,76,9:58:14,1036.jpg
1,18:58:15,1074.32,134,136.9866511,35.1601334,76,9:58:15,1037.jpg
1,18:58:16,1074.32,170,136.9866588,35.1601349,75.8,9:58:16,1038.jpg
1,18:58:17,1074.32,170,136.9866675,35.1601362,75.8,9:58:17,1039.jpg
1,18:58:18,1074.32,170,136.9866772,35.1601374,75.8,9:58:18,1040.jpg
1,18:58:19,1074.32,170,136.9866875,35.1601384,75.8,9:58:19,1041.jpg
1,18:58:20,1074.32,170,136.9866985,35.160139,76,9:58:20,1042.jpg
1,18:58:21,1074.32,169,136.9867091,35.1601393,76.3,9:58:21,1043.jpg
1,18:58:22,1074.57,169,136.9867191,35.1601394,76.3,9:58:22,1044.jpg
1,18:58:23,1075.13,169,136.9867287,35.1601397,76.5,9:58:23,1045.jpg
1,18:58:24,1075.96,169,136.9867381,35.1601397,76.5,9:58:24,1046.jpg
1,18:58:25,1077.14,169,136.9867481,35.1601402,76.5,9:58:25,1047.jpg
1,18:58:26,1078.6,166,136.9867584,35.1601406,76.3,9:58:26,1048.jpg
1,18:58:27,1080.28,166,136.9867687,35.1601409,76.3,9:58:27,1049.jpg
1,18:58:28,1081.83,166,136.9867787,35.160141,76.5,9:58:28,1050.jpg
1,18:58:29,1083.28,166,136.9867882,35.1601411,76.3,9:58:29,1051.jpg
1,18:58:30,1084.58,166,136.986797,35.160141,76.59,9:58:30,1052.jpg
1,18:58:31,1085.73,166,136.9868056,35.1601408,76.69,9:58:31,1053.jpg
1,18:58:32,1086.75,166,136.9868139,35.1601403,76.89,9:58:32,1054.jpg
1,18:58:33,1087.65,166,136.9868221,35.1601394,76.98,9:58:33,1055.jpg
1,18:58:34,1088.42,166,136.9868295,35.1601386,77.09,9:58:34,1056.jpg
1,18:58:35,1089,166,136.9868368,35.1601378,77.19,9:58:35,1057.jpg
1,18:58:36,1089.26,166,136.9868437,35.1601373,77.09,9:58:36,1058.jpg
1,18:58:37,1089.39,166,136.98685,35.1601369,77.3,9:58:37,1059.jpg
1,18:58:38,1089.51,166,136.986855,35.1601368,77.3,9:58:38,1060.jpg
1,18:58:39,1089.51,166,136.9868588,35.1601367,77.3,9:58:39,1061.jpg
